标签文件,类别,问题,细节
frame1_000145.txt,称重清零,R1静置误标(附近无人),person数=1
frame1_000145.txt,称重清零,R4连拍重复,与frame1_000144.txt几乎同框
frame1_000146.txt,称重清零,R4连拍重复,与frame1_000145.txt几乎同框
frame1_000147.txt,称重清零,R4连拍重复,与frame1_000146.txt几乎同框
frame1_000148.txt,称重清零,R4连拍重复,与frame1_000147.txt几乎同框
frame1_000149.txt,称重清零,R4连拍重复,与frame1_000148.txt几乎同框
frame1_000150.txt,称重清零,R4连拍重复,与frame1_000149.txt几乎同框
frame1_000151.txt,称重清零,R4连拍重复,与frame1_000150.txt几乎同框
frame1_000152.txt,称重清零,R4连拍重复,与frame1_000151.txt几乎同框
frame1_000153.txt,称重清零,R4连拍重复,与frame1_000152.txt几乎同框
frame1_000154.txt,称重清零,R4连拍重复,与frame1_000153.txt几乎同框
frame1_000155.txt,称重清零,R4连拍重复,与frame1_000154.txt几乎同框
frame1_000156.txt,称重清零,R4连拍重复,与frame1_000155.txt几乎同框
frame1_000157.txt,称重清零,R4连拍重复,与frame1_000156.txt几乎同框
frame1_000158.txt,称重清零,R4连拍重复,与frame1_000157.txt几乎同框
frame1_000159.txt,称重清零,R4连拍重复,与frame1_000158.txt几乎同框
frame1_000173.txt,舀料,R1静置误标(附近无人),person数=1
frame1_000174.txt,装杯,R1静置误标(附近无人),person数=1
frame1_000175.txt,装杯,R1静置误标(附近无人),person数=0
frame1_000176.txt,装杯,R1静置误标(附近无人),person数=1
frame1_000177.txt,装杯,R1静置误标(附近无人),person数=1
frame1_000178.txt,舀料,R1静置误标(附近无人),person数=1
frame1_000179.txt,舀料,R1静置误标(附近无人),person数=1
frame1_000180.txt,舀料,R1静置误标(附近无人),person数=1
frame1_000181.txt,装杯,R1静置误标(附近无人),person数=1
frame1_000181.txt,装杯,R4连拍重复,与frame1_000177.txt几乎同框
frame1_000182.txt,装杯,R1静置误标(附近无人),person数=1
frame1_000183.txt,装杯,R1静置误标(附近无人),person数=1
frame1_000185.txt,舀料,R1静置误标(附近无人),person数=1
frame1_000187.txt,装杯,R1静置误标(附近无人),person数=1
frame1_000188.txt,装杯,R1静置误标(附近无人),person数=1
frame1_000189.txt,装杯,R1静置误标(附近无人),person数=1
frame1_000190.txt,装杯,R1静置误标(附近无人),person数=1
frame1_000191.txt,舀料,R1静置误标(附近无人),person数=1
frame1_000192.txt,舀料,R1静置误标(附近无人),person数=1
frame1_000193.txt,舀料,R1静置误标(附近无人),person数=1
frame1_000194.txt,装杯,R1静置误标(附近无人),person数=1
frame1_000195.txt,装杯,R1静置误标(附近无人),person数=1
frame1_000195.txt,装杯,R4连拍重复,与frame1_000194.txt几乎同框
frame1_000196.txt,装杯,R1静置误标(附近无人),person数=1
frame1_000197.txt,装杯,R1静置误标(附近无人),person数=1
frame1_000198.txt,装杯,R1静置误标(附近无人),person数=1
frame1_000199.txt,装杯,R1静置误标(附近无人),person数=1
frame1_000200.txt,装杯,R1静置误标(附近无人),person数=2
frame1_000201.txt,舀料,R1静置误标(附近无人),person数=2
frame1_000202.txt,装杯,R1静置误标(附近无人),person数=1
frame1_000203.txt,装杯,R1静置误标(附近无人),person数=1
frame1_000204.txt,装杯,R1静置误标(附近无人),person数=1
frame1_000205.txt,装杯,R1静置误标(附近无人),person数=1
frame1_000205.txt,装杯,R4连拍重复,与frame1_000204.txt几乎同框
frame1_000206.txt,装杯,R1静置误标(附近无人),person数=1
frame1_000207.txt,装杯,R1静置误标(附近无人),person数=1
frame1_000208.txt,装杯,R1静置误标(附近无人),person数=1
frame1_000208.txt,装杯,R4连拍重复,与frame1_000207.txt几乎同框
frame1_000209.txt,装杯,R1静置误标(附近无人),person数=1
frame1_000210.txt,装杯,R1静置误标(附近无人),person数=2
frame1_000212.txt,装杯,R1静置误标(附近无人),person数=2
frame1_000230.txt,装杯,R1静置误标(附近无人),person数=0
frame1_000260.txt,加钢脚水泥,R2框太小,w=0.035 h=0.094
frame1_000262.txt,加钢脚水泥,R2框太小,w=0.035 h=0.115
frame1_000263.txt,加钢脚水泥,R2框太小,w=0.032 h=0.113
frame1_000265.txt,加钢脚水泥,R2框太小,w=0.033 h=0.117
frame1_000266.txt,加钢脚水泥,R2框太小,w=0.032 h=0.127
frame1_000531.txt,称重清零,R1静置误标(附近无人),person数=1
frame1_000532.txt,称重清零,R1静置误标(附近无人),person数=2
frame1_000533.txt,称重清零,R1静置误标(附近无人),person数=2
frame1_000533.txt,称重清零,R4连拍重复,与frame1_000532.txt几乎同框
frame1_000534.txt,称重清零,R1静置误标(附近无人),person数=1
frame1_000534.txt,称重清零,R4连拍重复,与frame1_000533.txt几乎同框
frame1_000535.txt,称重清零,R4连拍重复,与frame1_000534.txt几乎同框
frame1_000536.txt,称重清零,R4连拍重复,与frame1_000535.txt几乎同框
frame1_000537.txt,称重清零,R4连拍重复,与frame1_000536.txt几乎同框
frame1_000538.txt,称重清零,R4连拍重复,与frame1_000537.txt几乎同框
frame1_000539.txt,称重清零,R4连拍重复,与frame1_000538.txt几乎同框
frame1_000540.txt,称重清零,R4连拍重复,与frame1_000539.txt几乎同框
frame1_000541.txt,称重清零,R4连拍重复,与frame1_000540.txt几乎同框
frame1_000542.txt,称重清零,R4连拍重复,与frame1_000541.txt几乎同框
frame1_000543.txt,称重清零,R4连拍重复,与frame1_000542.txt几乎同框
frame1_000544.txt,称重清零,R4连拍重复,与frame1_000543.txt几乎同框
frame1_000545.txt,称重清零,R4连拍重复,与frame1_000544.txt几乎同框
frame1_000546.txt,称重清零,R4连拍重复,与frame1_000545.txt几乎同框
frame1_000549.txt,舀料,R1静置误标(附近无人),person数=1
frame1_000553.txt,舀料,R4连拍重复,与frame1_000552.txt几乎同框
frame1_000571.txt,舀料,R1静置误标(附近无人),person数=1
frame1_000581.txt,装杯,R1静置误标(附近无人),person数=1
frame1_000588.txt,装杯,R4连拍重复,与frame1_000587.txt几乎同框
frame1_000599.txt,装杯,R1静置误标(附近无人),person数=1
frame1_000600.txt,装杯,R1静置误标(附近无人),person数=1
frame1_000601.txt,装杯,R1静置误标(附近无人),person数=1
frame1_000602.txt,装杯,R1静置误标(附近无人),person数=1
frame1_000641.txt,加钢脚水泥,R4连拍重复,与frame1_000640.txt几乎同框
frame1_000645.txt,加钢脚水泥,R4连拍重复,与frame1_000644.txt几乎同框
frame1_000650.txt,加钢脚水泥,R2框太小,w=0.034 h=0.070
frame1_000651.txt,加钢脚水泥,R2框太小,w=0.034 h=0.094
frame1_000850.txt,称重清零,R1静置误标(附近无人),person数=1
frame1_000851.txt,称重清零,R1静置误标(附近无人),person数=1
frame1_000852.txt,称重清零,R4连拍重复,与frame1_000851.txt几乎同框
frame1_000853.txt,称重清零,R4连拍重复,与frame1_000852.txt几乎同框
frame1_000854.txt,称重清零,R4连拍重复,与frame1_000853.txt几乎同框
frame1_000855.txt,称重清零,R4连拍重复,与frame1_000854.txt几乎同框
frame1_000856.txt,称重清零,R4连拍重复,与frame1_000855.txt几乎同框
frame1_000857.txt,称重清零,R4连拍重复,与frame1_000856.txt几乎同框
frame1_000858.txt,称重清零,R4连拍重复,与frame1_000857.txt几乎同框
frame1_000859.txt,称重清零,R4连拍重复,与frame1_000858.txt几乎同框
frame1_000860.txt,称重清零,R4连拍重复,与frame1_000859.txt几乎同框
frame1_000861.txt,称重清零,R4连拍重复,与frame1_000860.txt几乎同框
frame1_000862.txt,称重清零,R4连拍重复,与frame1_000861.txt几乎同框
frame1_000870.txt,舀料,R1静置误标(附近无人),person数=1
frame1_000871.txt,舀料,R1静置误标(附近无人),person数=1
frame1_000874.txt,舀料,R1静置误标(附近无人),person数=1
frame1_000875.txt,舀料,R1静置误标(附近无人),person数=1
frame1_000876.txt,装杯,R1静置误标(附近无人),person数=1
frame1_000877.txt,装杯,R1静置误标(附近无人),person数=1
frame1_000878.txt,装杯,R1静置误标(附近无人),person数=1
frame1_000887.txt,装杯,R4连拍重复,与frame1_000878.txt几乎同框
frame1_000891.txt,舀料,R4连拍重复,与frame1_000884.txt几乎同框
frame1_000896.txt,装杯,R1静置误标(附近无人),person数=1
frame1_000896.txt,装杯,R4连拍重复,与frame1_000895.txt几乎同框
frame1_000903.txt,装杯,R1静置误标(附近无人),person数=1
frame1_000904.txt,装杯,R1静置误标(附近无人),person数=1
frame1_000905.txt,装杯,R1静置误标(附近无人),person数=1
frame1_000917.txt,装杯,R1静置误标(附近无人),person数=1
frame1_000918.txt,装杯,R1静置误标(附近无人),person数=1
frame1_000919.txt,装杯,R1静置误标(附近无人),person数=1
frame1_000920.txt,装杯,R1静置误标(附近无人),person数=1
frame1_000922.txt,装杯,R1静置误标(附近无人),person数=1
frame1_000923.txt,装杯,R1静置误标(附近无人),person数=1
frame1_000924.txt,装杯,R1静置误标(附近无人),person数=1
frame1_000925.txt,装杯,R1静置误标(附近无人),person数=1
frame1_000926.txt,装杯,R1静置误标(附近无人),person数=1
frame1_000991.txt,加钢脚水泥,R2框太小,w=0.032 h=0.117
frame1_000998.txt,加钢脚水泥,R2框太小,w=0.034 h=0.083
frame1_000999.txt,加钢脚水泥,R2框太小,w=0.035 h=0.076
frame1_001000.txt,加钢脚水泥,R2框太小,w=0.032 h=0.089
frame1_001001.txt,加钢脚水泥,R2框太小,w=0.031 h=0.096
frame1_001002.txt,加钢脚水泥,R2框太小,w=0.032 h=0.091
frame1_001211.txt,称重清零,R1静置误标(附近无人),person数=1
frame1_001212.txt,称重清零,R1静置误标(附近无人),person数=1
frame1_001212.txt,称重清零,R4连拍重复,与frame1_001211.txt几乎同框
frame1_001213.txt,称重清零,R4连拍重复,与frame1_001212.txt几乎同框
frame1_001214.txt,称重清零,R1静置误标(附近无人),person数=1
frame1_001214.txt,称重清零,R4连拍重复,与frame1_001213.txt几乎同框
frame1_001215.txt,称重清零,R4连拍重复,与frame1_001214.txt几乎同框
frame1_001216.txt,称重清零,R4连拍重复,与frame1_001215.txt几乎同框
frame1_001217.txt,称重清零,R4连拍重复,与frame1_001216.txt几乎同框
frame1_001218.txt,称重清零,R4连拍重复,与frame1_001217.txt几乎同框
frame1_001219.txt,称重清零,R4连拍重复,与frame1_001218.txt几乎同框
frame1_001220.txt,称重清零,R4连拍重复,与frame1_001219.txt几乎同框
frame1_001221.txt,称重清零,R4连拍重复,与frame1_001220.txt几乎同框
frame1_001222.txt,称重清零,R4连拍重复,与frame1_001221.txt几乎同框
frame1_001223.txt,称重清零,R4连拍重复,与frame1_001222.txt几乎同框
frame1_001224.txt,称重清零,R4连拍重复,与frame1_001223.txt几乎同框
frame1_001225.txt,称重清零,R4连拍重复,与frame1_001224.txt几乎同框
frame1_001226.txt,称重清零,R4连拍重复,与frame1_001225.txt几乎同框
frame1_001230.txt,舀料,R1静置误标(附近无人),person数=2
frame1_001231.txt,舀料,R1静置误标(附近无人),person数=1
frame1_001232.txt,舀料,R1静置误标(附近无人),person数=1
frame1_001233.txt,舀料,R1静置误标(附近无人),person数=1
frame1_001238.txt,舀料,R1静置误标(附近无人),person数=1
frame1_001243.txt,装杯,R1静置误标(附近无人),person数=1
frame1_001254.txt,装杯,R1静置误标(附近无人),person数=1
frame1_001255.txt,装杯,R1静置误标(附近无人),person数=1
frame1_001276.txt,装杯,R1静置误标(附近无人),person数=1
frame1_001277.txt,装杯,R1静置误标(附近无人),person数=1
frame1_001278.txt,装杯,R1静置误标(附近无人),person数=2
frame1_001279.txt,装杯,R1静置误标(附近无人),person数=2
frame1_001280.txt,装杯,R1静置误标(附近无人),person数=2
frame1_001281.txt,装杯,R1静置误标(附近无人),person数=2
frame1_001290.txt,装杯,R1静置误标(附近无人),person数=2
frame1_001291.txt,装杯,R1静置误标(附近无人),person数=2
frame1_001293.txt,装杯,R1静置误标(附近无人),person数=2
frame1_001294.txt,装杯,R1静置误标(附近无人),person数=2
frame1_001294.txt,装杯,R4连拍重复,与frame1_001293.txt几乎同框
frame1_001295.txt,装杯,R1静置误标(附近无人),person数=2
frame1_001297.txt,装杯,R1静置误标(附近无人),person数=2
frame1_001298.txt,装杯,R1静置误标(附近无人),person数=2
frame1_001341.txt,加钢脚水泥,R2框太小,w=0.034 h=0.095
frame1_001342.txt,加钢脚水泥,R2框太小,w=0.032 h=0.095
frame1_001345.txt,加钢脚水泥,R2框太小,w=0.031 h=0.086
frame1_001347.txt,加钢脚水泥,R2框太小,w=0.033 h=0.099
frame1_001348.txt,加钢脚水泥,R2框太小,w=0.033 h=0.096
frame1_001348.txt,加钢脚水泥,R4连拍重复,与frame1_001347.txt几乎同框
frame1_001349.txt,加钢脚水泥,R2框太小,w=0.031 h=0.085
frame1_001350.txt,加钢脚水泥,R2框太小,w=0.029 h=0.085
frame1_001351.txt,加钢脚水泥,R2框太小,w=0.030 h=0.092
frame1_001352.txt,加钢脚水泥,R2框太小,w=0.027 h=0.086
frame1_001353.txt,加钢脚水泥,R2框太小,w=0.028 h=0.092
frame1_001354.txt,加钢脚水泥,R2框太小,w=0.034 h=0.093
frame1_001355.txt,加钢脚水泥,R2框太小,w=0.030 h=0.089
frame1_001356.txt,加钢脚水泥,R2框太小,w=0.031 h=0.095
frame1_001358.txt,加钢脚水泥,R2框太小,w=0.032 h=0.099
frame1_001359.txt,加钢脚水泥,R2框太小,w=0.032 h=0.098
frame1_001359.txt,加钢脚水泥,R4连拍重复,与frame1_001358.txt几乎同框
frame1_001643.txt,称重清零,R4连拍重复,与frame1_001226.txt几乎同框
frame1_001644.txt,称重清零,R4连拍重复,与frame1_001643.txt几乎同框
frame1_001646.txt,称重清零,R4连拍重复,与frame1_001645.txt几乎同框
frame1_001647.txt,称重清零,R4连拍重复,与frame1_001646.txt几乎同框
frame1_001648.txt,称重清零,R4连拍重复,与frame1_001647.txt几乎同框
frame1_001649.txt,称重清零,R4连拍重复,与frame1_001648.txt几乎同框
frame1_001650.txt,称重清零,R4连拍重复,与frame1_001649.txt几乎同框
frame1_001651.txt,称重清零,R4连拍重复,与frame1_001650.txt几乎同框
frame1_001652.txt,称重清零,R4连拍重复,与frame1_001651.txt几乎同框
frame1_001653.txt,称重清零,R4连拍重复,与frame1_001652.txt几乎同框
frame1_001655.txt,称重清零,R1静置误标(附近无人),person数=1
frame1_001655.txt,称重清零,R4连拍重复,与frame1_001654.txt几乎同框
frame1_001656.txt,称重清零,R1静置误标(附近无人),person数=1
frame1_001656.txt,称重清零,R4连拍重复,与frame1_001655.txt几乎同框
frame1_001657.txt,称重清零,R4连拍重复,与frame1_001656.txt几乎同框
frame1_001658.txt,称重清零,R1静置误标(附近无人),person数=1
frame1_001658.txt,称重清零,R4连拍重复,与frame1_001657.txt几乎同框
frame1_001659.txt,称重清零,R1静置误标(附近无人),person数=1
frame1_001659.txt,称重清零,R4连拍重复,与frame1_001658.txt几乎同框
frame1_001660.txt,称重清零,R1静置误标(附近无人),person数=1
frame1_001660.txt,称重清零,R4连拍重复,与frame1_001659.txt几乎同框
frame1_001661.txt,称重清零,R1静置误标(附近无人),person数=1
frame1_001661.txt,称重清零,R4连拍重复,与frame1_001660.txt几乎同框
frame1_001661.txt,舀料,R1静置误标(附近无人),person数=1
frame1_001662.txt,舀料,R1静置误标(附近无人),person数=1
frame1_001663.txt,称重清零,R1静置误标(附近无人),person数=1
frame1_001663.txt,舀料,R1静置误标(附近无人),person数=1
frame1_001664.txt,称重清零,R1静置误标(附近无人),person数=1
frame1_001664.txt,称重清零,R4连拍重复,与frame1_001663.txt几乎同框
frame1_001664.txt,舀料,R1静置误标(附近无人),person数=1
frame1_001666.txt,称重清零,R4连拍重复,与frame1_001664.txt几乎同框
frame1_001667.txt,称重清零,R4连拍重复,与frame1_001666.txt几乎同框
frame1_001667.txt,舀料,R4连拍重复,与frame1_001666.txt几乎同框
frame1_001668.txt,称重清零,R4连拍重复,与frame1_001667.txt几乎同框
frame1_001685.txt,舀料,R4连拍重复,与frame1_001684.txt几乎同框
frame1_001777.txt,加钢脚水泥,R2框太小,w=0.035 h=0.091
frame1_001779.txt,加钢脚水泥,R2框太小,w=0.035 h=0.091
frame1_001781.txt,加钢脚水泥,R2框太小,w=0.033 h=0.090
frame1_001782.txt,加钢脚水泥,R2框太小,w=0.030 h=0.086
frame1_001783.txt,加钢脚水泥,R2框太小,w=0.031 h=0.110
frame1_001784.txt,加钢脚水泥,R2框太小,w=0.031 h=0.095
frame1_001785.txt,加钢脚水泥,R2框太小,w=0.032 h=0.085
frame1_001786.txt,加钢脚水泥,R2框太小,w=0.033 h=0.086
frame1_001787.txt,加钢脚水泥,R2框太小,w=0.034 h=0.076
frame1_001788.txt,加钢脚水泥,R2框太小,w=0.034 h=0.092
frame1_001789.txt,加钢脚水泥,R2框太小,w=0.029 h=0.080
frame1_001791.txt,加钢脚水泥,R2框太小,w=0.034 h=0.099
frame1_001792.txt,加钢脚水泥,R2框太小,w=0.034 h=0.088
frame1_002017.txt,称重清零,R1静置误标(附近无人),person数=1
frame1_002017.txt,称重清零,R4连拍重复,与frame1_002016.txt几乎同框
frame1_002018.txt,称重清零,R4连拍重复,与frame1_002017.txt几乎同框
frame1_002019.txt,称重清零,R4连拍重复,与frame1_002018.txt几乎同框
frame1_002020.txt,称重清零,R4连拍重复,与frame1_002019.txt几乎同框
frame1_002023.txt,称重清零,R4连拍重复,与frame1_002022.txt几乎同框
frame1_002025.txt,称重清零,R4连拍重复,与frame1_002024.txt几乎同框
frame1_002026.txt,称重清零,R1静置误标(附近无人),person数=1
frame1_002027.txt,称重清零,R1静置误标(附近无人),person数=1
frame1_002027.txt,称重清零,R4连拍重复,与frame1_002026.txt几乎同框
frame1_002028.txt,称重清零,R1静置误标(附近无人),person数=1
frame1_002028.txt,称重清零,R4连拍重复,与frame1_002027.txt几乎同框
frame1_002029.txt,称重清零,R1静置误标(附近无人),person数=1
frame1_002029.txt,称重清零,R4连拍重复,与frame1_002028.txt几乎同框
frame1_002030.txt,称重清零,R4连拍重复,与frame1_002029.txt几乎同框
frame1_002031.txt,称重清零,R4连拍重复,与frame1_002030.txt几乎同框
frame1_002046.txt,装杯,R1静置误标(附近无人),person数=1
frame1_002047.txt,装杯,R1静置误标(附近无人),person数=1
frame1_002059.txt,装杯,R1静置误标(附近无人),person数=1
frame1_002060.txt,装杯,R1静置误标(附近无人),person数=1
frame1_002063.txt,舀料,R1静置误标(附近无人),person数=1
frame1_002077.txt,装杯,R1静置误标(附近无人),person数=1
frame1_002078.txt,装杯,R1静置误标(附近无人),person数=1
frame1_002079.txt,装杯,R1静置误标(附近无人),person数=1
frame1_002080.txt,装杯,R1静置误标(附近无人),person数=1
frame1_002086.txt,装杯,R1静置误标(附近无人),person数=1
frame1_002128.txt,加钢脚水泥,R2框太小,w=0.033 h=0.076
frame1_002129.txt,加钢脚水泥,R2框太小,w=0.034 h=0.088
frame1_002131.txt,加钢脚水泥,R2框太小,w=0.031 h=0.090
frame1_002132.txt,加钢脚水泥,R2框太小,w=0.032 h=0.092
frame1_002132.txt,加钢脚水泥,R4连拍重复,与frame1_002131.txt几乎同框
frame1_002328.txt,称重清零,R1静置误标(附近无人),person数=0
frame1_002329.txt,称重清零,R1静置误标(附近无人),person数=0
frame1_002329.txt,称重清零,R4连拍重复,与frame1_002328.txt几乎同框
frame1_002330.txt,称重清零,R1静置误标(附近无人),person数=0
frame1_002330.txt,称重清零,R4连拍重复,与frame1_002329.txt几乎同框
frame1_002331.txt,称重清零,R1静置误标(附近无人),person数=0
frame1_002331.txt,称重清零,R4连拍重复,与frame1_002330.txt几乎同框
frame1_002332.txt,称重清零,R1静置误标(附近无人),person数=0
frame1_002332.txt,称重清零,R4连拍重复,与frame1_002331.txt几乎同框
frame1_002333.txt,称重清零,R1静置误标(附近无人),person数=0
frame1_002334.txt,称重清零,R1静置误标(附近无人),person数=0
frame1_002334.txt,称重清零,R4连拍重复,与frame1_002333.txt几乎同框
frame1_002335.txt,称重清零,R4连拍重复,与frame1_002334.txt几乎同框
frame1_002338.txt,称重清零,R4连拍重复,与frame1_002337.txt几乎同框
frame1_002339.txt,称重清零,R4连拍重复,与frame1_002338.txt几乎同框
frame1_002359.txt,装杯,R1静置误标(附近无人),person数=0
frame1_002395.txt,舀料,R1静置误标(附近无人),person数=1
frame1_002450.txt,加钢脚水泥,R2框太小,w=0.034 h=0.102
frame1_002452.txt,加钢脚水泥,R4连拍重复,与frame1_002451.txt几乎同框
frame1_002453.txt,加钢脚水泥,R2框太小,w=0.034 h=0.106
frame1_002454.txt,加钢脚水泥,R2框太小,w=0.031 h=0.095
frame1_002455.txt,加钢脚水泥,R2框太小,w=0.033 h=0.095
frame1_002456.txt,加钢脚水泥,R2框太小,w=0.028 h=0.088
frame1_002457.txt,加钢脚水泥,R2框太小,w=0.032 h=0.072
frame1_002458.txt,加钢脚水泥,R2框太小,w=0.030 h=0.080
frame1_002459.txt,加钢脚水泥,R2框太小,w=0.033 h=0.089
frame1_002655.txt,称重清零,R1静置误标(附近无人),person数=1
frame1_002656.txt,称重清零,R1静置误标(附近无人),person数=1
frame1_002657.txt,称重清零,R1静置误标(附近无人),person数=1
frame1_002657.txt,称重清零,R4连拍重复,与frame1_002656.txt几乎同框
frame1_002658.txt,称重清零,R1静置误标(附近无人),person数=1
frame1_002658.txt,称重清零,R4连拍重复,与frame1_002657.txt几乎同框
frame1_002659.txt,称重清零,R1静置误标(附近无人),person数=1
frame1_002659.txt,称重清零,R4连拍重复,与frame1_002658.txt几乎同框
frame1_002660.txt,称重清零,R1静置误标(附近无人),person数=1
frame1_002660.txt,称重清零,R4连拍重复,与frame1_002659.txt几乎同框
frame1_002661.txt,称重清零,R1静置误标(附近无人),person数=1
frame1_002661.txt,称重清零,R4连拍重复,与frame1_002660.txt几乎同框
frame1_002662.txt,称重清零,R1静置误标(附近无人),person数=1
frame1_002662.txt,称重清零,R4连拍重复,与frame1_002661.txt几乎同框
frame1_002663.txt,称重清零,R1静置误标(附近无人),person数=1
frame1_002663.txt,称重清零,R4连拍重复,与frame1_002662.txt几乎同框
frame1_002664.txt,称重清零,R1静置误标(附近无人),person数=1
frame1_002664.txt,称重清零,R4连拍重复,与frame1_002663.txt几乎同框
frame1_002665.txt,称重清零,R1静置误标(附近无人),person数=0
frame1_002665.txt,称重清零,R4连拍重复,与frame1_002664.txt几乎同框
frame1_002666.txt,称重清零,R1静置误标(附近无人),person数=0
frame1_002666.txt,称重清零,R4连拍重复,与frame1_002665.txt几乎同框
frame1_002667.txt,称重清零,R1静置误标(附近无人),person数=0
frame1_002668.txt,称重清零,R1静置误标(附近无人),person数=0
frame1_002668.txt,称重清零,R4连拍重复,与frame1_002667.txt几乎同框
frame1_002669.txt,称重清零,R4连拍重复,与frame1_002668.txt几乎同框
frame1_002675.txt,舀料,R1静置误标(附近无人),person数=0
frame1_002813.txt,加钢脚水泥,R2框太小,w=0.034 h=0.119
frame1_002814.txt,加钢脚水泥,R2框太小,w=0.034 h=0.112
frame1_003126.txt,称重清零,R1静置误标(附近无人),person数=1
frame1_003127.txt,称重清零,R1静置误标(附近无人),person数=2
frame1_003128.txt,称重清零,R1静置误标(附近无人),person数=1
frame1_003129.txt,称重清零,R1静置误标(附近无人),person数=1
frame1_003129.txt,称重清零,R4连拍重复,与frame1_003128.txt几乎同框
frame1_003130.txt,称重清零,R1静置误标(附近无人),person数=1
frame1_003130.txt,称重清零,R4连拍重复,与frame1_003129.txt几乎同框
frame1_003211.txt,装杯,R4连拍重复,与frame1_003210.txt几乎同框
frame1_003256.txt,加钢脚水泥,R2框太小,w=0.035 h=0.081
frame1_003257.txt,加钢脚水泥,R2框太小,w=0.035 h=0.085
frame1_003258.txt,加钢脚水泥,R2框太小,w=0.033 h=0.084
frame1_003261.txt,加钢脚水泥,R2框太小,w=0.034 h=0.087
frame1_003261.txt,加钢脚水泥,R4连拍重复,与frame1_003260.txt几乎同框
frame1_003264.txt,加钢脚水泥,R2框太小,w=0.034 h=0.086
frame1_003696.txt,装杯,R1静置误标(附近无人),person数=1
frame1_003751.txt,加钢脚水泥,R2框太小,w=0.032 h=0.101
frame1_003752.txt,加钢脚水泥,R2框太小,w=0.032 h=0.114
frame1_003753.txt,加钢脚水泥,R2框太小,w=0.030 h=0.106
frame1_003754.txt,加钢脚水泥,R2框太小,w=0.030 h=0.107
frame1_003755.txt,加钢脚水泥,R2框太小,w=0.033 h=0.115
frame1_003991.txt,称重清零,R4连拍重复,与frame1_003990.txt几乎同框
frame1_003992.txt,称重清零,R4连拍重复,与frame1_003991.txt几乎同框
frame1_003993.txt,称重清零,R4连拍重复,与frame1_003992.txt几乎同框
frame1_003994.txt,称重清零,R4连拍重复,与frame1_003993.txt几乎同框
frame1_003995.txt,称重清零,R4连拍重复,与frame1_003994.txt几乎同框
frame1_003996.txt,称重清零,R4连拍重复,与frame1_003995.txt几乎同框
frame1_003997.txt,称重清零,R1静置误标(附近无人),person数=1
frame1_003997.txt,称重清零,R4连拍重复,与frame1_003996.txt几乎同框
frame1_003998.txt,称重清零,R4连拍重复,与frame1_003997.txt几乎同框
frame1_003999.txt,称重清零,R1静置误标(附近无人),person数=1
frame1_003999.txt,称重清零,R4连拍重复,与frame1_003998.txt几乎同框
frame1_004000.txt,称重清零,R1静置误标(附近无人),person数=1
frame1_004000.txt,称重清零,R4连拍重复,与frame1_003999.txt几乎同框
frame1_004001.txt,称重清零,R4连拍重复,与frame1_004000.txt几乎同框
frame1_004012.txt,舀料,R1静置误标(附近无人),person数=1
frame1_004013.txt,舀料,R1静置误标(附近无人),person数=1
frame1_004014.txt,舀料,R1静置误标(附近无人),person数=0
frame1_004015.txt,舀料,R1静置误标(附近无人),person数=1
frame1_004017.txt,装杯,R1静置误标(附近无人),person数=1
frame1_004018.txt,装杯,R1静置误标(附近无人),person数=1
frame1_004019.txt,装杯,R1静置误标(附近无人),person数=2
frame1_004020.txt,舀料,R1静置误标(附近无人),person数=1
frame1_004021.txt,舀料,R1静置误标(附近无人),person数=1
frame1_004024.txt,装杯,R1静置误标(附近无人),person数=1
frame1_004025.txt,装杯,R1静置误标(附近无人),person数=1
frame1_004026.txt,舀料,R1静置误标(附近无人),person数=1
frame1_004027.txt,舀料,R1静置误标(附近无人),person数=1
frame1_004110.txt,加钢脚水泥,R2框太小,w=0.032 h=0.115
frame1_004111.txt,加钢脚水泥,R2框太小,w=0.031 h=0.103
frame1_004112.txt,加钢脚水泥,R2框太小,w=0.034 h=0.110
frame1_004113.txt,加钢脚水泥,R2框太小,w=0.030 h=0.098
frame1_004114.txt,加钢脚水泥,R2框太小,w=0.032 h=0.096
frame1_004115.txt,加钢脚水泥,R2框太小,w=0.029 h=0.088
frame1_004340.txt,称重清零,R4连拍重复,与frame1_004339.txt几乎同框
frame1_004341.txt,称重清零,R4连拍重复,与frame1_004340.txt几乎同框
frame1_004342.txt,称重清零,R4连拍重复,与frame1_004341.txt几乎同框
frame1_004343.txt,称重清零,R4连拍重复,与frame1_004342.txt几乎同框
frame1_004344.txt,称重清零,R4连拍重复,与frame1_004343.txt几乎同框
frame1_004345.txt,称重清零,R4连拍重复,与frame1_004344.txt几乎同框
frame1_004346.txt,称重清零,R4连拍重复,与frame1_004345.txt几乎同框
frame1_004347.txt,称重清零,R4连拍重复,与frame1_004346.txt几乎同框
frame1_004348.txt,称重清零,R4连拍重复,与frame1_004347.txt几乎同框
frame1_004349.txt,称重清零,R4连拍重复,与frame1_004348.txt几乎同框
frame1_004350.txt,称重清零,R4连拍重复,与frame1_004349.txt几乎同框
frame1_004368.txt,装杯,R1静置误标(附近无人),person数=0
frame1_004460.txt,加钢脚水泥,R2框太小,w=0.033 h=0.112
frame1_004874.txt,称重清零,R4连拍重复,与frame1_004350.txt几乎同框
frame1_004875.txt,称重清零,R4连拍重复,与frame1_004874.txt几乎同框
frame1_004876.txt,称重清零,R1静置误标(附近无人),person数=0
frame1_004876.txt,称重清零,R4连拍重复,与frame1_004875.txt几乎同框
frame1_004877.txt,称重清零,R1静置误标(附近无人),person数=1
frame1_004877.txt,称重清零,R4连拍重复,与frame1_004876.txt几乎同框
frame1_004878.txt,称重清零,R4连拍重复,与frame1_004877.txt几乎同框
frame1_004879.txt,称重清零,R4连拍重复,与frame1_004878.txt几乎同框
frame1_004880.txt,称重清零,R4连拍重复,与frame1_004879.txt几乎同框
frame1_004881.txt,称重清零,R4连拍重复,与frame1_004880.txt几乎同框
frame1_004882.txt,称重清零,R4连拍重复,与frame1_004881.txt几乎同框
frame1_004885.txt,称重清零,R4连拍重复,与frame1_004884.txt几乎同框
frame1_004886.txt,称重清零,R4连拍重复,与frame1_004885.txt几乎同框
frame1_004909.txt,舀料,R1静置误标(附近无人),person数=1
frame1_004910.txt,舀料,R1静置误标(附近无人),person数=0
frame3_000052.txt,舀料,R1静置误标(附近无人),person数=2
frame3_000052.txt,舀料,R2框太小,w=0.035 h=0.155
frame3_000053.txt,舀料,R1静置误标(附近无人),person数=1
frame3_000054.txt,舀料,R1静置误标(附近无人),person数=1
frame3_000056.txt,装杯,R1静置误标(附近无人),person数=1
frame3_000057.txt,舀料,R1静置误标(附近无人),person数=2
frame3_000058.txt,舀料,R1静置误标(附近无人),person数=1
frame3_000058.txt,舀料,R2框太小,w=0.032 h=0.166
frame3_000059.txt,舀料,R1静置误标(附近无人),person数=0
frame3_000060.txt,装杯,R1静置误标(附近无人),person数=1
frame3_000061.txt,装杯,R1静置误标(附近无人),person数=1
frame3_000062.txt,装杯,R1静置误标(附近无人),person数=0
frame3_000063.txt,装杯,R1静置误标(附近无人),person数=0
frame3_000064.txt,装杯,R1静置误标(附近无人),person数=1
frame3_000065.txt,装杯,R1静置误标(附近无人),person数=1
frame3_000066.txt,装杯,R1静置误标(附近无人),person数=1
frame3_000068.txt,装杯,R1静置误标(附近无人),person数=1
frame3_000069.txt,装杯,R1静置误标(附近无人),person数=1
frame3_000070.txt,装杯,R1静置误标(附近无人),person数=0
frame3_000070.txt,装杯,R4连拍重复,与frame3_000069.txt几乎同框
frame3_000071.txt,装杯,R1静置误标(附近无人),person数=0
frame3_000154.txt,称重清零,R4连拍重复,与frame3_000153.txt几乎同框
frame3_000155.txt,称重清零,R4连拍重复,与frame3_000154.txt几乎同框
frame3_000156.txt,称重清零,R4连拍重复,与frame3_000155.txt几乎同框
frame3_000157.txt,称重清零,R4连拍重复,与frame3_000156.txt几乎同框
frame3_000179.txt,装杯,R1静置误标(附近无人),person数=1
frame3_000180.txt,装杯,R1静置误标(附近无人),person数=1
frame3_000181.txt,舀料,R1静置误标(附近无人),person数=1
frame3_000183.txt,舀料,R1静置误标(附近无人),person数=1
frame3_000184.txt,装杯,R1静置误标(附近无人),person数=1
frame3_000184.txt,装杯,R4连拍重复,与frame3_000180.txt几乎同框
frame3_000185.txt,装杯,R1静置误标(附近无人),person数=1
frame3_000186.txt,舀料,R2框太小,w=0.035 h=0.184
frame3_000189.txt,装杯,R1静置误标(附近无人),person数=0
frame3_000190.txt,装杯,R1静置误标(附近无人),person数=0
frame3_000191.txt,装杯,R1静置误标(附近无人),person数=0
frame3_000192.txt,装杯,R1静置误标(附近无人),person数=0
frame3_000194.txt,装杯,R1静置误标(附近无人),person数=1
frame3_000196.txt,装杯,R1静置误标(附近无人),person数=1
frame3_000197.txt,装杯,R1静置误标(附近无人),person数=1
frame3_000198.txt,装杯,R1静置误标(附近无人),person数=1
frame3_000199.txt,装杯,R1静置误标(附近无人),person数=1
frame3_000210.txt,舀料,R1静置误标(附近无人),person数=1
frame3_000210.txt,舀料,R2框太小,w=0.034 h=0.176
frame3_000211.txt,舀料,R2框太小,w=0.030 h=0.175
frame3_000212.txt,舀料,R2框太小,w=0.033 h=0.179
frame3_000216.txt,装杯,R1静置误标(附近无人),person数=1
frame3_000217.txt,装杯,R1静置误标(附近无人),person数=1
frame3_000218.txt,装杯,R1静置误标(附近无人),person数=1
frame3_000502.txt,称重清零,R1静置误标(附近无人),person数=0
frame3_000503.txt,称重清零,R1静置误标(附近无人),person数=0
frame3_000503.txt,称重清零,R4连拍重复,与frame3_000502.txt几乎同框
frame3_000504.txt,称重清零,R1静置误标(附近无人),person数=0
frame3_000504.txt,称重清零,R4连拍重复,与frame3_000503.txt几乎同框
frame3_000505.txt,称重清零,R4连拍重复,与frame3_000504.txt几乎同框
frame3_000506.txt,称重清零,R1静置误标(附近无人),person数=1
frame3_000506.txt,称重清零,R4连拍重复,与frame3_000505.txt几乎同框
frame3_000507.txt,称重清零,R1静置误标(附近无人),person数=0
frame3_000507.txt,称重清零,R4连拍重复,与frame3_000506.txt几乎同框
frame3_000514.txt,舀料,R2框太小,w=0.035 h=0.167
frame3_000519.txt,舀料,R1静置误标(附近无人),person数=2
frame3_000519.txt,舀料,R2框太小,w=0.035 h=0.188
frame3_000520.txt,舀料,R1静置误标(附近无人),person数=1
frame3_000521.txt,舀料,R1静置误标(附近无人),person数=1
frame3_000522.txt,舀料,R1静置误标(附近无人),person数=0
frame3_000522.txt,舀料,R2框太小,w=0.033 h=0.164
frame3_000523.txt,舀料,R1静置误标(附近无人),person数=0
frame3_000523.txt,舀料,R2框太小,w=0.032 h=0.158
frame3_000524.txt,舀料,R2框太小,w=0.031 h=0.157
frame3_000527.txt,装杯,R1静置误标(附近无人),person数=1
frame3_000528.txt,装杯,R1静置误标(附近无人),person数=1
frame3_000529.txt,装杯,R1静置误标(附近无人),person数=1
frame3_000530.txt,舀料,R1静置误标(附近无人),person数=1
frame3_000531.txt,舀料,R1静置误标(附近无人),person数=1
frame3_000532.txt,装杯,R1静置误标(附近无人),person数=0
frame3_000533.txt,装杯,R1静置误标(附近无人),person数=0
frame3_000534.txt,装杯,R1静置误标(附近无人),person数=0
frame3_000535.txt,装杯,R1静置误标(附近无人),person数=0
frame3_000536.txt,舀料,R2框太小,w=0.033 h=0.175
frame3_000537.txt,舀料,R1静置误标(附近无人),person数=1
frame3_000538.txt,装杯,R1静置误标(附近无人),person数=0
frame3_000539.txt,装杯,R1静置误标(附近无人),person数=0
frame3_000540.txt,装杯,R1静置误标(附近无人),person数=0
frame3_000541.txt,装杯,R1静置误标(附近无人),person数=0
frame3_000542.txt,装杯,R1静置误标(附近无人),person数=0
frame3_000543.txt,装杯,R1静置误标(附近无人),person数=0
frame3_000544.txt,舀料,R1静置误标(附近无人),person数=0
frame3_000545.txt,舀料,R2框太小,w=0.034 h=0.148
frame3_000546.txt,装杯,R1静置误标(附近无人),person数=1
frame3_000571.txt,舀料,R1静置误标(附近无人),person数=1
frame3_000571.txt,舀料,R2框太小,w=0.032 h=0.138
frame3_000572.txt,舀料,R1静置误标(附近无人),person数=1
frame3_000573.txt,舀料,R1静置误标(附近无人),person数=0
frame3_000573.txt,舀料,R2框太小,w=0.027 h=0.208
frame3_000577.txt,装杯,R1静置误标(附近无人),person数=0
frame3_000578.txt,装杯,R1静置误标(附近无人),person数=2
frame3_000579.txt,装杯,R1静置误标(附近无人),person数=1
frame3_000580.txt,装杯,R1静置误标(附近无人),person数=1
frame3_000601.txt,加钢脚水泥,R4连拍重复,与frame3_000600.txt几乎同框
frame3_000602.txt,加钢脚水泥,R4连拍重复,与frame3_000601.txt几乎同框
frame3_000603.txt,加钢脚水泥,R4连拍重复,与frame3_000602.txt几乎同框
frame3_000605.txt,加钢脚水泥,R4连拍重复,与frame3_000604.txt几乎同框
frame3_000606.txt,加钢脚水泥,R4连拍重复,与frame3_000605.txt几乎同框
frame3_000607.txt,加钢脚水泥,R4连拍重复,与frame3_000606.txt几乎同框
frame3_000608.txt,加钢脚水泥,R4连拍重复,与frame3_000607.txt几乎同框
frame3_000609.txt,加钢脚水泥,R4连拍重复,与frame3_000608.txt几乎同框
frame3_000610.txt,加钢脚水泥,R4连拍重复,与frame3_000609.txt几乎同框
frame3_000611.txt,加钢脚水泥,R4连拍重复,与frame3_000610.txt几乎同框
frame3_000612.txt,加钢脚水泥,R4连拍重复,与frame3_000611.txt几乎同框
frame3_000613.txt,加钢脚水泥,R4连拍重复,与frame3_000612.txt几乎同框
frame3_000614.txt,加钢脚水泥,R4连拍重复,与frame3_000613.txt几乎同框
frame3_000615.txt,加钢脚水泥,R4连拍重复,与frame3_000614.txt几乎同框
frame3_000616.txt,加钢脚水泥,R4连拍重复,与frame3_000615.txt几乎同框
frame3_000617.txt,加钢脚水泥,R4连拍重复,与frame3_000616.txt几乎同框
frame3_000618.txt,加钢脚水泥,R4连拍重复,与frame3_000617.txt几乎同框
frame3_000815.txt,称重清零,R4连拍重复,与frame3_000814.txt几乎同框
frame3_000816.txt,称重清零,R1静置误标(附近无人),person数=0
frame3_000816.txt,称重清零,R4连拍重复,与frame3_000815.txt几乎同框
frame3_000817.txt,称重清零,R1静置误标(附近无人),person数=0
frame3_000817.txt,称重清零,R4连拍重复,与frame3_000816.txt几乎同框
frame3_000818.txt,称重清零,R1静置误标(附近无人),person数=0
frame3_000818.txt,称重清零,R4连拍重复,与frame3_000817.txt几乎同框
frame3_000819.txt,称重清零,R1静置误标(附近无人),person数=0
frame3_000819.txt,称重清零,R4连拍重复,与frame3_000818.txt几乎同框
frame3_000820.txt,称重清零,R1静置误标(附近无人),person数=0
frame3_000820.txt,称重清零,R4连拍重复,与frame3_000819.txt几乎同框
frame3_000821.txt,称重清零,R4连拍重复,与frame3_000820.txt几乎同框
frame3_000833.txt,舀料,R2框太小,w=0.035 h=0.181
frame3_000834.txt,舀料,R2框太小,w=0.030 h=0.172
frame3_000842.txt,舀料,R2框太小,w=0.027 h=0.154
frame3_000843.txt,舀料,R1静置误标(附近无人),person数=1
frame3_000843.txt,舀料,R2框太小,w=0.031 h=0.185
frame3_000844.txt,装杯,R1静置误标(附近无人),person数=1
frame3_000844.txt,装杯,R4连拍重复,与frame3_000839.txt几乎同框
frame3_000846.txt,舀料,R1静置误标(附近无人),person数=0
frame3_000847.txt,舀料,R2框太小,w=0.035 h=0.182
frame3_000848.txt,舀料,R2框太小,w=0.034 h=0.172
frame3_000849.txt,舀料,R1静置误标(附近无人),person数=1
frame3_000850.txt,装杯,R1静置误标(附近无人),person数=1
frame3_000851.txt,装杯,R1静置误标(附近无人),person数=1
frame3_000853.txt,装杯,R4连拍重复,与frame3_000852.txt几乎同框
frame3_000858.txt,舀料,R2框太小,w=0.030 h=0.149
frame3_000865.txt,装杯,R4连拍重复,与frame3_000864.txt几乎同框
frame3_000867.txt,装杯,R1静置误标(附近无人),person数=0
frame3_000868.txt,装杯,R1静置误标(附近无人),person数=1
frame3_000903.txt,加钢脚水泥,R1静置误标(附近无人),person数=0
frame3_000904.txt,加钢脚水泥,R1静置误标(附近无人),person数=0
frame3_000906.txt,加钢脚水泥,R4连拍重复,与frame3_000905.txt几乎同框
frame3_000907.txt,加钢脚水泥,R4连拍重复,与frame3_000906.txt几乎同框
frame3_000908.txt,加钢脚水泥,R4连拍重复,与frame3_000907.txt几乎同框
frame3_000909.txt,加钢脚水泥,R4连拍重复,与frame3_000908.txt几乎同框
frame3_000910.txt,加钢脚水泥,R4连拍重复,与frame3_000909.txt几乎同框
frame3_000911.txt,加钢脚水泥,R4连拍重复,与frame3_000910.txt几乎同框
frame3_000912.txt,加钢脚水泥,R4连拍重复,与frame3_000911.txt几乎同框
frame3_000913.txt,加钢脚水泥,R4连拍重复,与frame3_000912.txt几乎同框
frame3_000914.txt,加钢脚水泥,R4连拍重复,与frame3_000913.txt几乎同框
frame3_000915.txt,加钢脚水泥,R4连拍重复,与frame3_000914.txt几乎同框
frame3_000916.txt,加钢脚水泥,R4连拍重复,与frame3_000915.txt几乎同框
frame3_000917.txt,加钢脚水泥,R4连拍重复,与frame3_000916.txt几乎同框
frame3_000918.txt,加钢脚水泥,R4连拍重复,与frame3_000917.txt几乎同框
frame3_000919.txt,加钢脚水泥,R4连拍重复,与frame3_000918.txt几乎同框
frame3_000920.txt,加钢脚水泥,R4连拍重复,与frame3_000919.txt几乎同框
frame3_000921.txt,加钢脚水泥,R4连拍重复,与frame3_000920.txt几乎同框
frame3_000922.txt,加钢脚水泥,R4连拍重复,与frame3_000921.txt几乎同框
frame3_000924.txt,加钢脚水泥,R4连拍重复,与frame3_000923.txt几乎同框
frame3_000925.txt,加钢脚水泥,R4连拍重复,与frame3_000924.txt几乎同框
frame3_000926.txt,加钢脚水泥,R4连拍重复,与frame3_000925.txt几乎同框
frame3_001129.txt,称重清零,R4连拍重复,与frame3_001128.txt几乎同框
frame3_001130.txt,称重清零,R4连拍重复,与frame3_001129.txt几乎同框
frame3_001131.txt,称重清零,R4连拍重复,与frame3_001130.txt几乎同框
frame3_001132.txt,称重清零,R4连拍重复,与frame3_001131.txt几乎同框
frame3_001133.txt,称重清零,R4连拍重复,与frame3_001132.txt几乎同框
frame3_001134.txt,称重清零,R4连拍重复,与frame3_001133.txt几乎同框
frame3_001135.txt,称重清零,R4连拍重复,与frame3_001134.txt几乎同框
frame3_001136.txt,称重清零,R4连拍重复,与frame3_001135.txt几乎同框
frame3_001137.txt,称重清零,R4连拍重复,与frame3_001136.txt几乎同框
frame3_001138.txt,称重清零,R4连拍重复,与frame3_001137.txt几乎同框
frame3_001139.txt,称重清零,R4连拍重复,与frame3_001138.txt几乎同框
frame3_001140.txt,称重清零,R4连拍重复,与frame3_001139.txt几乎同框
frame3_001141.txt,称重清零,R1静置误标(附近无人),person数=1
frame3_001141.txt,称重清零,R4连拍重复,与frame3_001140.txt几乎同框
frame3_001149.txt,舀料,R1静置误标(附近无人),person数=1
frame3_001166.txt,装杯,R1静置误标(附近无人),person数=2
frame3_001167.txt,装杯,R1静置误标(附近无人),person数=1
frame3_001168.txt,舀料,R1静置误标(附近无人),person数=1
frame3_001169.txt,舀料,R1静置误标(附近无人),person数=1
frame3_001172.txt,舀料,R1静置误标(附近无人),person数=1
frame3_001173.txt,装杯,R1静置误标(附近无人),person数=0
frame3_001173.txt,装杯,R4连拍重复,与frame3_001167.txt几乎同框
frame3_001174.txt,装杯,R1静置误标(附近无人),person数=0
frame3_001176.txt,装杯,R1静置误标(附近无人),person数=1
frame3_001181.txt,舀料,R1静置误标(附近无人),person数=2
frame3_001181.txt,舀料,R2框太小,w=0.033 h=0.170
frame3_001182.txt,装杯,R1静置误标(附近无人),person数=3
frame3_001186.txt,装杯,R1静置误标(附近无人),person数=2
frame3_001190.txt,装杯,R1静置误标(附近无人),person数=0
frame3_001415.txt,称重清零,R4连拍重复,与frame3_001414.txt几乎同框
frame3_001416.txt,称重清零,R4连拍重复,与frame3_001415.txt几乎同框
frame3_001417.txt,称重清零,R4连拍重复,与frame3_001416.txt几乎同框
frame3_001418.txt,称重清零,R4连拍重复,与frame3_001417.txt几乎同框
frame3_001419.txt,称重清零,R4连拍重复,与frame3_001418.txt几乎同框
frame3_001420.txt,称重清零,R4连拍重复,与frame3_001419.txt几乎同框
frame3_001421.txt,称重清零,R4连拍重复,与frame3_001420.txt几乎同框
frame3_001422.txt,称重清零,R1静置误标(附近无人),person数=1
frame3_001422.txt,称重清零,R4连拍重复,与frame3_001421.txt几乎同框
frame3_001423.txt,称重清零,R4连拍重复,与frame3_001422.txt几乎同框
frame3_001424.txt,称重清零,R1静置误标(附近无人),person数=0
frame3_001424.txt,称重清零,R4连拍重复,与frame3_001423.txt几乎同框
frame3_001425.txt,称重清零,R4连拍重复,与frame3_001424.txt几乎同框
frame3_001426.txt,称重清零,R4连拍重复,与frame3_001425.txt几乎同框
frame3_001427.txt,称重清零,R4连拍重复,与frame3_001426.txt几乎同框
frame3_001431.txt,舀料,R2框太小,w=0.032 h=0.152
frame3_001432.txt,舀料,R2框太小,w=0.030 h=0.165
frame3_001433.txt,舀料,R2框太小,w=0.029 h=0.156
frame3_001439.txt,装杯,R1静置误标(附近无人),person数=0
frame3_001440.txt,装杯,R1静置误标(附近无人),person数=0
frame3_001441.txt,舀料,R1静置误标(附近无人),person数=0
frame3_001442.txt,舀料,R1静置误标(附近无人),person数=0
frame3_001443.txt,舀料,R1静置误标(附近无人),person数=0
frame3_001444.txt,装杯,R1静置误标(附近无人),person数=0
frame3_001445.txt,装杯,R1静置误标(附近无人),person数=0
frame3_001446.txt,装杯,R1静置误标(附近无人),person数=0
frame3_001447.txt,装杯,R1静置误标(附近无人),person数=0
frame3_001448.txt,舀料,R1静置误标(附近无人),person数=0
frame3_001450.txt,舀料,R1静置误标(附近无人),person数=0
frame3_001450.txt,舀料,R2框太小,w=0.033 h=0.164
frame3_001451.txt,装杯,R1静置误标(附近无人),person数=0
frame3_001452.txt,装杯,R1静置误标(附近无人),person数=0
frame3_001453.txt,装杯,R1静置误标(附近无人),person数=0
frame3_001454.txt,装杯,R1静置误标(附近无人),person数=0
frame3_001456.txt,装杯,R1静置误标(附近无人),person数=0
frame3_001457.txt,装杯,R1静置误标(附近无人),person数=0
frame3_001460.txt,装杯,R1静置误标(附近无人),person数=0
frame3_001461.txt,装杯,R1静置误标(附近无人),person数=0
frame3_001495.txt,加钢脚水泥,R2框太小,w=0.035 h=0.127
frame3_001496.txt,加钢脚水泥,R2框太小,w=0.035 h=0.127
frame3_001496.txt,加钢脚水泥,R4连拍重复,与frame3_001495.txt几乎同框
frame3_001497.txt,加钢脚水泥,R2框太小,w=0.035 h=0.127
frame3_001497.txt,加钢脚水泥,R4连拍重复,与frame3_001496.txt几乎同框
frame3_001498.txt,加钢脚水泥,R2框太小,w=0.035 h=0.127
frame3_001498.txt,加钢脚水泥,R4连拍重复,与frame3_001497.txt几乎同框
frame3_001499.txt,加钢脚水泥,R2框太小,w=0.035 h=0.127
frame3_001500.txt,加钢脚水泥,R2框太小,w=0.035 h=0.127
frame3_001500.txt,加钢脚水泥,R4连拍重复,与frame3_001499.txt几乎同框
frame3_001501.txt,加钢脚水泥,R2框太小,w=0.035 h=0.127
frame3_001501.txt,加钢脚水泥,R4连拍重复,与frame3_001500.txt几乎同框
frame3_001502.txt,加钢脚水泥,R2框太小,w=0.035 h=0.127
frame3_001502.txt,加钢脚水泥,R4连拍重复,与frame3_001501.txt几乎同框
frame3_001503.txt,加钢脚水泥,R2框太小,w=0.035 h=0.127
frame3_001503.txt,加钢脚水泥,R4连拍重复,与frame3_001502.txt几乎同框
frame3_001504.txt,加钢脚水泥,R2框太小,w=0.035 h=0.127
frame3_001504.txt,加钢脚水泥,R4连拍重复,与frame3_001503.txt几乎同框
frame3_001505.txt,加钢脚水泥,R2框太小,w=0.035 h=0.127
frame3_001505.txt,加钢脚水泥,R4连拍重复,与frame3_001504.txt几乎同框
frame3_001506.txt,加钢脚水泥,R2框太小,w=0.035 h=0.127
frame3_001506.txt,加钢脚水泥,R4连拍重复,与frame3_001505.txt几乎同框
frame3_001507.txt,加钢脚水泥,R2框太小,w=0.035 h=0.127
frame3_001507.txt,加钢脚水泥,R4连拍重复,与frame3_001506.txt几乎同框
frame3_001684.txt,称重清零,R4连拍重复,与frame3_001427.txt几乎同框
frame3_001685.txt,称重清零,R4连拍重复,与frame3_001684.txt几乎同框
frame3_001686.txt,称重清零,R4连拍重复,与frame3_001685.txt几乎同框
frame3_001687.txt,称重清零,R4连拍重复,与frame3_001686.txt几乎同框
frame3_001688.txt,称重清零,R4连拍重复,与frame3_001687.txt几乎同框
frame3_001689.txt,称重清零,R4连拍重复,与frame3_001688.txt几乎同框
frame3_001698.txt,舀料,R1静置误标(附近无人),person数=0
frame3_001699.txt,舀料,R1静置误标(附近无人),person数=0
frame3_001708.txt,舀料,R2框太小,w=0.033 h=0.169
frame3_001713.txt,装杯,R1静置误标(附近无人),person数=1
frame3_001714.txt,装杯,R1静置误标(附近无人),person数=1
frame3_001715.txt,装杯,R1静置误标(附近无人),person数=2
frame3_001716.txt,舀料,R1静置误标(附近无人),person数=2
frame3_001718.txt,装杯,R1静置误标(附近无人),person数=1
frame3_001718.txt,装杯,R4连拍重复,与frame3_001715.txt几乎同框
frame3_001719.txt,装杯,R1静置误标(附近无人),person数=1
frame3_001720.txt,装杯,R1静置误标(附近无人),person数=1
frame3_001721.txt,装杯,R1静置误标(附近无人),person数=1
frame3_001722.txt,舀料,R1静置误标(附近无人),person数=1
frame3_001723.txt,舀料,R1静置误标(附近无人),person数=1
frame3_001724.txt,舀料,R1静置误标(附近无人),person数=1
frame3_001725.txt,装杯,R1静置误标(附近无人),person数=1
frame3_001726.txt,装杯,R1静置误标(附近无人),person数=1
frame3_001727.txt,装杯,R1静置误标(附近无人),person数=0
frame3_001727.txt,装杯,R4连拍重复,与frame3_001726.txt几乎同框
frame3_001728.txt,装杯,R1静置误标(附近无人),person数=0
frame3_001730.txt,装杯,R1静置误标(附近无人),person数=0
frame3_001731.txt,舀料,R1静置误标(附近无人),person数=1
frame3_001733.txt,舀料,R1静置误标(附近无人),person数=1
frame3_001735.txt,装杯,R1静置误标(附近无人),person数=1
frame3_001736.txt,装杯,R1静置误标(附近无人),person数=1
frame3_001738.txt,装杯,R1静置误标(附近无人),person数=1
frame3_001789.txt,加钢脚水泥,R2框太小,w=0.032 h=0.118
frame3_001790.txt,加钢脚水泥,R2框太小,w=0.031 h=0.115
frame3_001792.txt,加钢脚水泥,R2框太小,w=0.033 h=0.115
frame3_001793.txt,加钢脚水泥,R2框太小,w=0.031 h=0.125
frame3_001795.txt,加钢脚水泥,R4连拍重复,与frame3_001794.txt几乎同框
frame3_001796.txt,加钢脚水泥,R4连拍重复,与frame3_001795.txt几乎同框
frame3_001797.txt,加钢脚水泥,R4连拍重复,与frame3_001796.txt几乎同框
frame3_001798.txt,加钢脚水泥,R4连拍重复,与frame3_001797.txt几乎同框
frame3_001799.txt,加钢脚水泥,R4连拍重复,与frame3_001798.txt几乎同框
frame3_001800.txt,加钢脚水泥,R4连拍重复,与frame3_001799.txt几乎同框
frame3_001801.txt,加钢脚水泥,R4连拍重复,与frame3_001800.txt几乎同框
frame3_001802.txt,加钢脚水泥,R4连拍重复,与frame3_001801.txt几乎同框
frame3_001803.txt,加钢脚水泥,R4连拍重复,与frame3_001802.txt几乎同框
frame4_000335.txt,称重清零,R1静置误标(附近无人),person数=1
frame4_000370.txt,舀料,R1静置误标(附近无人),person数=0
frame4_000400.txt,装杯,R1静置误标(附近无人),person数=2
frame4_000453.txt,加钢脚水泥,R2框太小,w=0.034 h=0.103
frame4_000454.txt,加钢脚水泥,R2框太小,w=0.034 h=0.112
frame4_000456.txt,加钢脚水泥,R2框太小,w=0.029 h=0.109
frame4_000457.txt,加钢脚水泥,R2框太小,w=0.031 h=0.104
frame4_000458.txt,加钢脚水泥,R2框太小,w=0.030 h=0.094
frame4_000771.txt,装杯,R1静置误标(附近无人),person数=0
frame4_000782.txt,舀料,R4连拍重复,与frame4_000781.txt几乎同框
frame4_000834.txt,加钢脚水泥,R2框太小,w=0.034 h=0.104
frame4_001155.txt,舀料,R4连拍重复,与frame4_001154.txt几乎同框
frame4_001156.txt,舀料,R1静置误标(附近无人),person数=1
frame4_001238.txt,加钢脚水泥,R2框太小,w=0.034 h=0.090
frame4_001239.txt,加钢脚水泥,R2框太小,w=0.030 h=0.092
frame4_001241.txt,加钢脚水泥,R2框太小,w=0.031 h=0.095
frame4_001242.txt,加钢脚水泥,R2框太小,w=0.033 h=0.090
frame4_001243.txt,加钢脚水泥,R2框太小,w=0.030 h=0.086
frame4_001244.txt,加钢脚水泥,R2框太小,w=0.030 h=0.084
frame4_001464.txt,舀料,R4连拍重复,与frame4_001463.txt几乎同框
frame4_001466.txt,舀料,R1静置误标(附近无人),person数=1
frame4_001469.txt,舀料,R1静置误标(附近无人),person数=1
frame4_001476.txt,装杯,R4连拍重复,与frame4_001475.txt几乎同框
frame4_001533.txt,加钢脚水泥,R2框太小,w=0.028 h=0.096
frame4_001534.txt,加钢脚水泥,R2框太小,w=0.032 h=0.099
frame4_001535.txt,加钢脚水泥,R2框太小,w=0.032 h=0.100
frame4_001535.txt,加钢脚水泥,R4连拍重复,与frame4_001534.txt几乎同框
frame4_001536.txt,加钢脚水泥,R2框太小,w=0.032 h=0.097
frame4_001537.txt,加钢脚水泥,R2框太小,w=0.030 h=0.094
frame4_001538.txt,加钢脚水泥,R2框太小,w=0.035 h=0.081
frame4_001539.txt,加钢脚水泥,R2框太小,w=0.032 h=0.080
frame4_001764.txt,舀料,R4连拍重复,与frame4_001763.txt几乎同框
frame4_001775.txt,装杯,R1静置误标(附近无人),person数=2
frame4_001779.txt,舀料,R1静置误标(附近无人),person数=1
frame4_001784.txt,舀料,R1静置误标(附近无人),person数=2
frame4_001792.txt,装杯,R1静置误标(附近无人),person数=2
frame4_001804.txt,舀料,R4连拍重复,与frame4_001803.txt几乎同框
frame4_001805.txt,舀料,R1静置误标(附近无人),person数=3
frame4_001805.txt,舀料,R4连拍重复,与frame4_001804.txt几乎同框
frame4_001815.txt,装杯,R1静置误标(附近无人),person数=3
frame4_001828.txt,装杯,R1静置误标(附近无人),person数=1
frame4_001857.txt,加钢脚水泥,R2框太小,w=0.034 h=0.102
frame4_001858.txt,加钢脚水泥,R2框太小,w=0.033 h=0.099
frame4_001859.txt,加钢脚水泥,R2框太小,w=0.030 h=0.086
frame4_001860.txt,加钢脚水泥,R2框太小,w=0.029 h=0.098
frame4_001874.txt,加钢脚水泥,R2框太小,w=0.034 h=0.079
frame4_001875.txt,加钢脚水泥,R2框太小,w=0.032 h=0.085
frame4_002079.txt,舀料,R1静置误标(附近无人),person数=0
frame4_002092.txt,装杯,R1静置误标(附近无人),person数=1
frame4_002577.txt,装杯,R4连拍重复,与frame4_002576.txt几乎同框
frame4_002580.txt,装杯,R4连拍重复,与frame4_002579.txt几乎同框
frame4_002582.txt,装杯,R4连拍重复,与frame4_002581.txt几乎同框
frame4_002587.txt,装杯,R4连拍重复,与frame4_002586.txt几乎同框
frame4_002589.txt,装杯,R4连拍重复,与frame4_002588.txt几乎同框
frame4_002591.txt,装杯,R4连拍重复,与frame4_002590.txt几乎同框
frame4_002592.txt,装杯,R4连拍重复,与frame4_002591.txt几乎同框
frame4_002593.txt,装杯,R4连拍重复,与frame4_002592.txt几乎同框
frame4_002596.txt,装杯,R4连拍重复,与frame4_002594.txt几乎同框
frame4_002640.txt,加钢脚水泥,R2框太小,w=0.032 h=0.085
frame4_002641.txt,加钢脚水泥,R2框太小,w=0.028 h=0.084
frame4_002642.txt,加钢脚水泥,R2框太小,w=0.033 h=0.080
frame4_002643.txt,加钢脚水泥,R2框太小,w=0.027 h=0.082
frame4_002644.txt,加钢脚水泥,R2框太小,w=0.033 h=0.079
frame4_002647.txt,加钢脚水泥,R2框太小,w=0.030 h=0.089
frame4_002648.txt,加钢脚水泥,R2框太小,w=0.031 h=0.081
frame4_002649.txt,加钢脚水泥,R2框太小,w=0.031 h=0.087
frame4_002893.txt,装杯,R4连拍重复,与frame4_002892.txt几乎同框
frame4_002895.txt,装杯,R4连拍重复,与frame4_002894.txt几乎同框
frame4_002897.txt,装杯,R4连拍重复,与frame4_002896.txt几乎同框
frame4_003063.txt,加钢脚水泥,R2框太小,w=0.031 h=0.081
frame4_003064.txt,加钢脚水泥,R2框太小,w=0.032 h=0.081
frame4_003065.txt,加钢脚水泥,R2框太小,w=0.030 h=0.091
frame4_003066.txt,加钢脚水泥,R2框太小,w=0.028 h=0.087
frame4_003067.txt,加钢脚水泥,R2框太小,w=0.027 h=0.092
frame4_003068.txt,加钢脚水泥,R2框太小,w=0.028 h=0.093
frame4_003068.txt,加钢脚水泥,R4连拍重复,与frame4_003067.txt几乎同框
frame4_003069.txt,加钢脚水泥,R2框太小,w=0.034 h=0.089
frame4_003071.txt,加钢脚水泥,R2框太小,w=0.029 h=0.092
frame7_000095.txt,加钢脚水泥,R2框太小,w=0.031 h=0.100
frame7_000096.txt,加钢脚水泥,R2框太小,w=0.031 h=0.101
frame7_000097.txt,加钢脚水泥,R2框太小,w=0.031 h=0.086
frame7_000098.txt,加钢脚水泥,R2框太小,w=0.031 h=0.088
frame7_000099.txt,加钢脚水泥,R2框太小,w=0.030 h=0.089
frame7_000100.txt,加钢脚水泥,R2框太小,w=0.029 h=0.088
frame7_000101.txt,加钢脚水泥,R2框太小,w=0.028 h=0.085
frame7_000102.txt,加钢脚水泥,R2框太小,w=0.029 h=0.097
frame7_000103.txt,加钢脚水泥,R2框太小,w=0.030 h=0.097
frame7_000104.txt,加钢脚水泥,R2框太小,w=0.029 h=0.092
frame7_000105.txt,加钢脚水泥,R2框太小,w=0.027 h=0.097
frame7_000106.txt,加钢脚水泥,R2框太小,w=0.028 h=0.087
frame7_000107.txt,加钢脚水泥,R2框太小,w=0.027 h=0.089
frame7_000108.txt,加钢脚水泥,R2框太小,w=0.029 h=0.085
frame7_000109.txt,加钢脚水泥,R2框太小,w=0.025 h=0.088
frame7_000339.txt,舀料,R4连拍重复,与frame7_000338.txt几乎同框
frame7_000759.txt,舀料,R4连拍重复,与frame7_000758.txt几乎同框
frame7_000760.txt,舀料,R4连拍重复,与frame7_000759.txt几乎同框
frame7_000775.txt,舀料,R1静置误标(附近无人),person数=1
frame7_000776.txt,舀料,R1静置误标(附近无人),person数=1
frame7_000793.txt,舀料,R1静置误标(附近无人),person数=2
frame7_000794.txt,舀料,R1静置误标(附近无人),person数=1
frame7_000807.txt,装杯,R1静置误标(附近无人),person数=0
frame7_000865.txt,加钢脚水泥,R2框太小,w=0.032 h=0.086
frame7_000866.txt,加钢脚水泥,R2框太小,w=0.028 h=0.084
frame7_000867.txt,加钢脚水泥,R2框太小,w=0.029 h=0.088
frame7_000868.txt,加钢脚水泥,R2框太小,w=0.033 h=0.083
frame7_001086.txt,舀料,R4连拍重复,与frame7_001085.txt几乎同框
frame7_001115.txt,装杯,R4连拍重复,与frame7_001114.txt几乎同框
frame7_001195.txt,加钢脚水泥,R2框太小,w=0.028 h=0.082
frame7_001196.txt,加钢脚水泥,R2框太小,w=0.032 h=0.085
frame7_001197.txt,加钢脚水泥,R2框太小,w=0.030 h=0.089
frame7_001198.txt,加钢脚水泥,R2框太小,w=0.028 h=0.081
frame7_001199.txt,加钢脚水泥,R2框太小,w=0.029 h=0.087
frame7_001200.txt,加钢脚水泥,R2框太小,w=0.029 h=0.078
frame7_001201.txt,加钢脚水泥,R2框太小,w=0.029 h=0.081
frame7_001202.txt,加钢脚水泥,R2框太小,w=0.030 h=0.074
frame7_001203.txt,加钢脚水泥,R2框太小,w=0.028 h=0.076
frame7_001204.txt,加钢脚水泥,R2框太小,w=0.030 h=0.078
frame7_001205.txt,加钢脚水泥,R2框太小,w=0.033 h=0.085
frame7_001410.txt,舀料,R1静置误标(附近无人),person数=1
frame7_001411.txt,舀料,R1静置误标(附近无人),person数=1
frame7_001418.txt,装杯,R1静置误标(附近无人),person数=1
frame7_001420.txt,装杯,R1静置误标(附近无人),person数=2
frame7_001424.txt,舀料,R1静置误标(附近无人),person数=1
frame7_001425.txt,舀料,R1静置误标(附近无人),person数=1
frame7_001452.txt,装杯,R4连拍重复,与frame7_001451.txt几乎同框
frame7_001453.txt,装杯,R4连拍重复,与frame7_001452.txt几乎同框
frame7_001457.txt,舀料,R1静置误标(附近无人),person数=1
frame7_001511.txt,加钢脚水泥,R2框太小,w=0.031 h=0.074
frame7_001512.txt,加钢脚水泥,R2框太小,w=0.031 h=0.088
frame7_001513.txt,加钢脚水泥,R2框太小,w=0.029 h=0.080
frame7_001514.txt,加钢脚水泥,R2框太小,w=0.029 h=0.095
frame7_001515.txt,加钢脚水泥,R2框太小,w=0.029 h=0.095
frame7_001516.txt,加钢脚水泥,R2框太小,w=0.031 h=0.092
frame7_001517.txt,加钢脚水泥,R2框太小,w=0.031 h=0.089
frame7_001517.txt,加钢脚水泥,R4连拍重复,与frame7_001516.txt几乎同框
frame7_001518.txt,加钢脚水泥,R2框太小,w=0.031 h=0.085
frame7_001743.txt,装杯,R1静置误标(附近无人),person数=0
frame7_001841.txt,加钢脚水泥,R4连拍重复,与frame7_001840.txt几乎同框
frame7_002141.txt,舀料,R4连拍重复,与frame7_002140.txt几乎同框
frame7_002148.txt,装杯,R4连拍重复,与frame7_002147.txt几乎同框
frame7_002167.txt,装杯,R4连拍重复,与frame7_002149.txt几乎同框
frame7_002204.txt,装杯,R1静置误标(附近无人),person数=1
frame7_002235.txt,加钢脚水泥,R2框太小,w=0.034 h=0.092
frame7_002236.txt,加钢脚水泥,R2框太小,w=0.032 h=0.098
frame7_002237.txt,加钢脚水泥,R2框太小,w=0.034 h=0.087
frame7_002239.txt,加钢脚水泥,R2框太小,w=0.032 h=0.094
frame7_002240.txt,加钢脚水泥,R2框太小,w=0.028 h=0.091
frame7_002241.txt,加钢脚水泥,R2框太小,w=0.028 h=0.095
frame7_002242.txt,加钢脚水泥,R2框太小,w=0.027 h=0.088
frame7_002243.txt,加钢脚水泥,R2框太小,w=0.029 h=0.086
frame7_002244.txt,加钢脚水泥,R2框太小,w=0.028 h=0.088
frame7_002245.txt,加钢脚水泥,R2框太小,w=0.029 h=0.085
frame7_002246.txt,加钢脚水泥,R2框太小,w=0.029 h=0.098
frame7_002544.txt,装杯,R4连拍重复,与frame7_002543.txt几乎同框
frame7_002547.txt,装杯,R4连拍重复,与frame7_002546.txt几乎同框
frame7_002549.txt,装杯,R4连拍重复,与frame7_002548.txt几乎同框
frame7_002605.txt,加钢脚水泥,R2框太小,w=0.029 h=0.070
frame7_002606.txt,加钢脚水泥,R2框太小,w=0.032 h=0.074
frame7_002607.txt,加钢脚水泥,R2框太小,w=0.027 h=0.081
frame7_002608.txt,加钢脚水泥,R2框太小,w=0.027 h=0.075
frame7_002609.txt,加钢脚水泥,R2框太小,w=0.028 h=0.077
frame7_002609.txt,加钢脚水泥,R4连拍重复,与frame7_002608.txt几乎同框
frame7_002610.txt,加钢脚水泥,R2框太小,w=0.028 h=0.078
frame7_002611.txt,加钢脚水泥,R2框太小,w=0.028 h=0.085
frame7_002612.txt,加钢脚水泥,R2框太小,w=0.029 h=0.080
frame7_002613.txt,加钢脚水泥,R2框太小,w=0.027 h=0.085
frame7_002854.txt,装杯,R4连拍重复,与frame7_002853.txt几乎同框
frame7_002855.txt,装杯,R4连拍重复,与frame7_002854.txt几乎同框
frame7_002857.txt,装杯,R4连拍重复,与frame7_002856.txt几乎同框
frame7_002859.txt,装杯,R4连拍重复,与frame7_002858.txt几乎同框
frame7_003019.txt,装杯,R4连拍重复,与frame7_003018.txt几乎同框
frame7_003061.txt,加钢脚水泥,R2框太小,w=0.033 h=0.102
frame7_003062.txt,加钢脚水泥,R2框太小,w=0.030 h=0.095
frame7_003063.txt,加钢脚水泥,R2框太小,w=0.033 h=0.095
frame7_003064.txt,加钢脚水泥,R2框太小,w=0.033 h=0.100
frame7_003064.txt,加钢脚水泥,R4连拍重复,与frame7_003063.txt几乎同框
frame7_003065.txt,加钢脚水泥,R2框太小,w=0.031 h=0.103
frame7_003066.txt,加钢脚水泥,R2框太小,w=0.029 h=0.097
frame7_003067.txt,加钢脚水泥,R2框太小,w=0.027 h=0.098
frame_000005.txt,舀料,R1静置误标(附近无人),person数=0
frame_000006.txt,舀料,R1静置误标(附近无人),person数=0
frame_000040.txt,加钢脚水泥,R4连拍重复,与frame_000039.txt几乎同框
frame_000041.txt,加钢脚水泥,R4连拍重复,与frame_000040.txt几乎同框
frame_000174.txt,称重清零,R1静置误标(附近无人),person数=1
frame_000174.txt,称重清零,R4连拍重复,与frame_000173.txt几乎同框
frame_000175.txt,称重清零,R1静置误标(附近无人),person数=2
frame_000175.txt,称重清零,R4连拍重复,与frame_000174.txt几乎同框
frame_000176.txt,称重清零,R1静置误标(附近无人),person数=0
frame_000176.txt,称重清零,R4连拍重复,与frame_000175.txt几乎同框
frame_000177.txt,称重清零,R1静置误标(附近无人),person数=1
frame_000177.txt,称重清零,R4连拍重复,与frame_000176.txt几乎同框
frame_000178.txt,称重清零,R4连拍重复,与frame_000177.txt几乎同框
frame_000179.txt,称重清零,R1静置误标(附近无人),person数=1
frame_000179.txt,称重清零,R4连拍重复,与frame_000178.txt几乎同框
frame_000180.txt,称重清零,R4连拍重复,与frame_000179.txt几乎同框
frame_000181.txt,称重清零,R4连拍重复,与frame_000180.txt几乎同框
frame_000182.txt,称重清零,R4连拍重复,与frame_000181.txt几乎同框
frame_000183.txt,称重清零,R4连拍重复,与frame_000182.txt几乎同框
frame_000183.txt,称重清零,R4连拍重复,与frame_000183.txt几乎同框
frame_000184.txt,称重清零,R4连拍重复,与frame_000183.txt几乎同框
frame_000185.txt,称重清零,R1静置误标(附近无人),person数=1
frame_000185.txt,称重清零,R4连拍重复,与frame_000184.txt几乎同框
frame_000191.txt,舀料,R1静置误标(附近无人),person数=1
frame_000204.txt,舀料,R1静置误标(附近无人),person数=0
frame_000205.txt,舀料,R1静置误标(附近无人),person数=0
frame_000206.txt,舀料,R1静置误标(附近无人),person数=0
frame_000207.txt,舀料,R1静置误标(附近无人),person数=0
frame_000208.txt,舀料,R1静置误标(附近无人),person数=0
frame_000209.txt,舀料,R1静置误标(附近无人),person数=1
frame_000223.txt,舀料,R1静置误标(附近无人),person数=1
frame_000224.txt,舀料,R1静置误标(附近无人),person数=1
frame_000225.txt,舀料,R1静置误标(附近无人),person数=1
frame_000232.txt,舀料,R1静置误标(附近无人),person数=0
frame_000333.txt,装杯,R4连拍重复,与frame_000332.txt几乎同框
frame_000334.txt,装杯,R4连拍重复,与frame_000333.txt几乎同框
frame_000335.txt,装杯,R4连拍重复,与frame_000334.txt几乎同框
frame_000336.txt,装杯,R4连拍重复,与frame_000335.txt几乎同框
frame_000337.txt,装杯,R4连拍重复,与frame_000336.txt几乎同框
frame_000338.txt,装杯,R4连拍重复,与frame_000337.txt几乎同框
frame_000339.txt,装杯,R1静置误标(附近无人),person数=1
frame_000339.txt,装杯,R4连拍重复,与frame_000338.txt几乎同框
frame_000340.txt,装杯,R1静置误标(附近无人),person数=1
frame_000340.txt,装杯,R4连拍重复,与frame_000339.txt几乎同框
frame_000341.txt,装杯,R1静置误标(附近无人),person数=1
frame_000341.txt,装杯,R4连拍重复,与frame_000340.txt几乎同框
frame_000342.txt,装杯,R4连拍重复,与frame_000341.txt几乎同框
frame_000343.txt,装杯,R4连拍重复,与frame_000342.txt几乎同框
frame_000344.txt,装杯,R4连拍重复,与frame_000343.txt几乎同框
frame_000345.txt,装杯,R4连拍重复,与frame_000344.txt几乎同框
frame_000346.txt,装杯,R4连拍重复,与frame_000345.txt几乎同框
frame_000347.txt,装杯,R4连拍重复,与frame_000346.txt几乎同框
frame_000348.txt,装杯,R4连拍重复,与frame_000347.txt几乎同框
frame_000349.txt,装杯,R4连拍重复,与frame_000348.txt几乎同框
frame_000350.txt,装杯,R4连拍重复,与frame_000349.txt几乎同框
frame_000351.txt,装杯,R4连拍重复,与frame_000350.txt几乎同框
frame_000352.txt,装杯,R4连拍重复,与frame_000351.txt几乎同框
frame_000353.txt,装杯,R4连拍重复,与frame_000352.txt几乎同框
frame_000354.txt,装杯,R1静置误标(附近无人),person数=1
frame_000354.txt,装杯,R4连拍重复,与frame_000353.txt几乎同框
frame_000355.txt,装杯,R1静置误标(附近无人),person数=0
frame_000355.txt,装杯,R4连拍重复,与frame_000354.txt几乎同框
frame_000356.txt,装杯,R1静置误标(附近无人),person数=1
frame_000356.txt,装杯,R4连拍重复,与frame_000355.txt几乎同框
frame_000357.txt,装杯,R4连拍重复,与frame_000356.txt几乎同框
frame_000358.txt,装杯,R1静置误标(附近无人),person数=1
frame_000358.txt,装杯,R4连拍重复,与frame_000357.txt几乎同框
frame_000359.txt,装杯,R1静置误标(附近无人),person数=1
frame_000359.txt,装杯,R4连拍重复,与frame_000358.txt几乎同框
frame_000360.txt,装杯,R1静置误标(附近无人),person数=1
frame_000360.txt,装杯,R4连拍重复,与frame_000359.txt几乎同框
frame_000361.txt,装杯,R4连拍重复,与frame_000360.txt几乎同框
frame_000362.txt,装杯,R4连拍重复,与frame_000361.txt几乎同框
frame_000363.txt,装杯,R4连拍重复,与frame_000362.txt几乎同框
frame_000450.txt,称重清零,R4连拍重复,与frame_000185.txt几乎同框
frame_000451.txt,称重清零,R1静置误标(附近无人),person数=1
frame_000451.txt,称重清零,R4连拍重复,与frame_000450.txt几乎同框
frame_000452.txt,称重清零,R1静置误标(附近无人),person数=1
frame_000452.txt,称重清零,R4连拍重复,与frame_000451.txt几乎同框
frame_000453.txt,称重清零,R1静置误标(附近无人),person数=1
frame_000453.txt,称重清零,R4连拍重复,与frame_000452.txt几乎同框
frame_000454.txt,称重清零,R1静置误标(附近无人),person数=1
frame_000454.txt,称重清零,R4连拍重复,与frame_000453.txt几乎同框
frame_000455.txt,称重清零,R4连拍重复,与frame_000454.txt几乎同框
frame_000456.txt,称重清零,R4连拍重复,与frame_000455.txt几乎同框
frame_000457.txt,称重清零,R4连拍重复,与frame_000456.txt几乎同框
frame_000458.txt,称重清零,R4连拍重复,与frame_000457.txt几乎同框
frame_000459.txt,称重清零,R1静置误标(附近无人),person数=1
frame_000459.txt,称重清零,R4连拍重复,与frame_000458.txt几乎同框
frame_000460.txt,称重清零,R1静置误标(附近无人),person数=1
frame_000460.txt,称重清零,R4连拍重复,与frame_000459.txt几乎同框
frame_000461.txt,称重清零,R1静置误标(附近无人),person数=1
frame_000461.txt,称重清零,R4连拍重复,与frame_000460.txt几乎同框
frame_000462.txt,称重清零,R1静置误标(附近无人),person数=1
frame_000462.txt,称重清零,R4连拍重复,与frame_000461.txt几乎同框
frame_000494.txt,装杯,R4连拍重复,与frame_000493.txt几乎同框
frame_000495.txt,装杯,R4连拍重复,与frame_000494.txt几乎同框
frame_000496.txt,装杯,R4连拍重复,与frame_000495.txt几乎同框
frame_000497.txt,装杯,R4连拍重复,与frame_000496.txt几乎同框
frame_000498.txt,装杯,R4连拍重复,与frame_000497.txt几乎同框
frame_000499.txt,装杯,R4连拍重复,与frame_000498.txt几乎同框
frame_000500.txt,装杯,R4连拍重复,与frame_000499.txt几乎同框
frame_000501.txt,装杯,R4连拍重复,与frame_000500.txt几乎同框
frame_000502.txt,装杯,R4连拍重复,与frame_000501.txt几乎同框
frame_000503.txt,装杯,R4连拍重复,与frame_000502.txt几乎同框
frame_000504.txt,装杯,R4连拍重复,与frame_000503.txt几乎同框
frame_000505.txt,装杯,R4连拍重复,与frame_000504.txt几乎同框
frame_000506.txt,装杯,R4连拍重复,与frame_000505.txt几乎同框
frame_000507.txt,装杯,R4连拍重复,与frame_000506.txt几乎同框
frame_000508.txt,装杯,R4连拍重复,与frame_000507.txt几乎同框
frame_000509.txt,装杯,R4连拍重复,与frame_000508.txt几乎同框
frame_000510.txt,装杯,R4连拍重复,与frame_000509.txt几乎同框
frame_000511.txt,装杯,R4连拍重复,与frame_000510.txt几乎同框
frame_000512.txt,装杯,R4连拍重复,与frame_000511.txt几乎同框
frame_000513.txt,装杯,R4连拍重复,与frame_000512.txt几乎同框
frame_000514.txt,装杯,R4连拍重复,与frame_000513.txt几乎同框
frame_000515.txt,装杯,R4连拍重复,与frame_000514.txt几乎同框
frame_000516.txt,装杯,R4连拍重复,与frame_000515.txt几乎同框
frame_000517.txt,装杯,R4连拍重复,与frame_000516.txt几乎同框
frame_000518.txt,装杯,R4连拍重复,与frame_000517.txt几乎同框
frame_000519.txt,装杯,R4连拍重复,与frame_000518.txt几乎同框
frame_000520.txt,装杯,R4连拍重复,与frame_000519.txt几乎同框
frame_000521.txt,装杯,R4连拍重复,与frame_000520.txt几乎同框
frame_000522.txt,装杯,R4连拍重复,与frame_000521.txt几乎同框
frame_000523.txt,装杯,R4连拍重复,与frame_000522.txt几乎同框
frame_000524.txt,装杯,R4连拍重复,与frame_000523.txt几乎同框
frame_000525.txt,装杯,R4连拍重复,与frame_000524.txt几乎同框
frame_000539.txt,舀料,R1静置误标(附近无人),person数=1
frame_000540.txt,舀料,R1静置误标(附近无人),person数=1
frame_000541.txt,舀料,R1静置误标(附近无人),person数=0
frame_000542.txt,舀料,R1静置误标(附近无人),person数=0
frame_000543.txt,舀料,R1静置误标(附近无人),person数=0
frame_000546.txt,装杯,R1静置误标(附近无人),person数=1
frame_000547.txt,装杯,R1静置误标(附近无人),person数=1
frame_000573.txt,加钢脚水泥,R4连拍重复,与frame_000572.txt几乎同框
frame_000574.txt,加钢脚水泥,R4连拍重复,与frame_000573.txt几乎同框
frame_000575.txt,加钢脚水泥,R4连拍重复,与frame_000574.txt几乎同框
frame_000576.txt,加钢脚水泥,R4连拍重复,与frame_000575.txt几乎同框
frame_000577.txt,加钢脚水泥,R4连拍重复,与frame_000576.txt几乎同框
frame_000713.txt,称重清零,R1静置误标(附近无人),person数=0
frame_000713.txt,称重清零,R4连拍重复,与frame_000712.txt几乎同框
frame_000714.txt,称重清零,R4连拍重复,与frame_000713.txt几乎同框
frame_000715.txt,称重清零,R4连拍重复,与frame_000714.txt几乎同框
frame_000716.txt,称重清零,R4连拍重复,与frame_000715.txt几乎同框
frame_000717.txt,称重清零,R1静置误标(附近无人),person数=1
frame_000717.txt,称重清零,R4连拍重复,与frame_000716.txt几乎同框
frame_000718.txt,称重清零,R1静置误标(附近无人),person数=1
frame_000718.txt,称重清零,R4连拍重复,与frame_000717.txt几乎同框
frame_000719.txt,称重清零,R1静置误标(附近无人),person数=1
frame_000719.txt,称重清零,R4连拍重复,与frame_000718.txt几乎同框
frame_000720.txt,称重清零,R4连拍重复,与frame_000719.txt几乎同框
frame_000721.txt,称重清零,R4连拍重复,与frame_000720.txt几乎同框
frame_000724.txt,舀料,R4连拍重复,与frame_000723.txt几乎同框
frame_000750.txt,舀料,R1静置误标(附近无人),person数=2
frame_000758.txt,装杯,R4连拍重复,与frame_000757.txt几乎同框
frame_000759.txt,装杯,R4连拍重复,与frame_000758.txt几乎同框
frame_000760.txt,装杯,R4连拍重复,与frame_000759.txt几乎同框
frame_000761.txt,装杯,R4连拍重复,与frame_000760.txt几乎同框
frame_000762.txt,装杯,R4连拍重复,与frame_000761.txt几乎同框
frame_000763.txt,装杯,R4连拍重复,与frame_000762.txt几乎同框
frame_000764.txt,装杯,R4连拍重复,与frame_000763.txt几乎同框
frame_000765.txt,装杯,R4连拍重复,与frame_000764.txt几乎同框
frame_000766.txt,装杯,R4连拍重复,与frame_000765.txt几乎同框
frame_000767.txt,装杯,R4连拍重复,与frame_000766.txt几乎同框
frame_000768.txt,装杯,R4连拍重复,与frame_000767.txt几乎同框
frame_000769.txt,装杯,R4连拍重复,与frame_000768.txt几乎同框
frame_000770.txt,装杯,R4连拍重复,与frame_000769.txt几乎同框
frame_000771.txt,装杯,R4连拍重复,与frame_000770.txt几乎同框
frame_000772.txt,装杯,R4连拍重复,与frame_000771.txt几乎同框
frame_000773.txt,装杯,R4连拍重复,与frame_000772.txt几乎同框
frame_000774.txt,装杯,R4连拍重复,与frame_000773.txt几乎同框
frame_000778.txt,装杯,R4连拍重复,与frame_000777.txt几乎同框
frame_000779.txt,装杯,R4连拍重复,与frame_000778.txt几乎同框
frame_000788.txt,装杯,R4连拍重复,与frame_000787.txt几乎同框
frame_000789.txt,装杯,R4连拍重复,与frame_000788.txt几乎同框
frame_000790.txt,装杯,R4连拍重复,与frame_000789.txt几乎同框
frame_000791.txt,装杯,R4连拍重复,与frame_000790.txt几乎同框
frame_000793.txt,装杯,R4连拍重复,与frame_000792.txt几乎同框
frame_000794.txt,装杯,R4连拍重复,与frame_000793.txt几乎同框
frame_000796.txt,装杯,R4连拍重复,与frame_000795.txt几乎同框
frame_000798.txt,装杯,R4连拍重复,与frame_000797.txt几乎同框
frame_000799.txt,装杯,R1静置误标(附近无人),person数=0
frame_000799.txt,装杯,R4连拍重复,与frame_000798.txt几乎同框
frame_000867.txt,加钢脚水泥,R4连拍重复,与frame_000866.txt几乎同框
frame_000868.txt,加钢脚水泥,R4连拍重复,与frame_000867.txt几乎同框
frame_000869.txt,加钢脚水泥,R4连拍重复,与frame_000868.txt几乎同框
frame_000870.txt,加钢脚水泥,R4连拍重复,与frame_000869.txt几乎同框
frame_000871.txt,加钢脚水泥,R4连拍重复,与frame_000870.txt几乎同框
frame_000872.txt,加钢脚水泥,R4连拍重复,与frame_000871.txt几乎同框
frame_001067.txt,称重清零,R4连拍重复,与frame_000721.txt几乎同框
frame_001068.txt,称重清零,R4连拍重复,与frame_001067.txt几乎同框
frame_001069.txt,称重清零,R4连拍重复,与frame_001068.txt几乎同框
frame_001070.txt,称重清零,R4连拍重复,与frame_001069.txt几乎同框
frame_001071.txt,称重清零,R4连拍重复,与frame_001070.txt几乎同框
frame_001072.txt,称重清零,R1静置误标(附近无人),person数=0
frame_001072.txt,称重清零,R4连拍重复,与frame_001071.txt几乎同框
frame_001157.txt,舀料,R1静置误标(附近无人),person数=1
frame_001158.txt,装杯,R1静置误标(附近无人),person数=1
frame_001160.txt,舀料,R1静置误标(附近无人),person数=1
frame_001161.txt,舀料,R1静置误标(附近无人),person数=1
frame_001162.txt,装杯,R1静置误标(附近无人),person数=0
frame_001163.txt,装杯,R1静置误标(附近无人),person数=0
frame_001164.txt,舀料,R1静置误标(附近无人),person数=0
frame_001165.txt,舀料,R1静置误标(附近无人),person数=0
frame_001166.txt,装杯,R1静置误标(附近无人),person数=0
frame_001167.txt,装杯,R1静置误标(附近无人),person数=1
frame_001168.txt,舀料,R1静置误标(附近无人),person数=1
frame_001169.txt,舀料,R1静置误标(附近无人),person数=1
frame_001170.txt,装杯,R1静置误标(附近无人),person数=0
frame_001171.txt,装杯,R1静置误标(附近无人),person数=1
frame_001172.txt,装杯,R1静置误标(附近无人),person数=1
frame_001173.txt,装杯,R1静置误标(附近无人),person数=1
frame_001174.txt,装杯,R1静置误标(附近无人),person数=1
frame_001175.txt,装杯,R1静置误标(附近无人),person数=1
frame_001175.txt,装杯,R4连拍重复,与frame_001174.txt几乎同框
frame_001176.txt,装杯,R1静置误标(附近无人),person数=1
frame_001217.txt,加钢脚水泥,R4连拍重复,与frame_001216.txt几乎同框
frame_001218.txt,加钢脚水泥,R4连拍重复,与frame_001217.txt几乎同框
frame_001221.txt,加钢脚水泥,R4连拍重复,与frame_001220.txt几乎同框
frame_001222.txt,加钢脚水泥,R4连拍重复,与frame_001221.txt几乎同框
frame_001223.txt,加钢脚水泥,R4连拍重复,与frame_001222.txt几乎同框
frame_001224.txt,加钢脚水泥,R4连拍重复,与frame_001223.txt几乎同框
frame_001225.txt,加钢脚水泥,R4连拍重复,与frame_001224.txt几乎同框
frame_001226.txt,加钢脚水泥,R4连拍重复,与frame_001225.txt几乎同框
frame_001370.txt,称重清零,R1静置误标(附近无人),person数=0
frame_001370.txt,称重清零,R4连拍重复,与frame_001369.txt几乎同框
frame_001371.txt,称重清零,R1静置误标(附近无人),person数=1
frame_001371.txt,称重清零,R4连拍重复,与frame_001370.txt几乎同框
frame_001372.txt,称重清零,R1静置误标(附近无人),person数=1
frame_001372.txt,称重清零,R4连拍重复,与frame_001371.txt几乎同框
frame_001373.txt,称重清零,R1静置误标(附近无人),person数=1
frame_001373.txt,称重清零,R4连拍重复,与frame_001372.txt几乎同框
frame_001374.txt,称重清零,R4连拍重复,与frame_001373.txt几乎同框
frame_001375.txt,称重清零,R4连拍重复,与frame_001374.txt几乎同框
frame_001376.txt,称重清零,R1静置误标(附近无人),person数=1
frame_001376.txt,称重清零,R4连拍重复,与frame_001375.txt几乎同框
frame_001377.txt,称重清零,R1静置误标(附近无人),person数=1
frame_001377.txt,称重清零,R4连拍重复,与frame_001376.txt几乎同框
frame_001378.txt,称重清零,R1静置误标(附近无人),person数=1
frame_001378.txt,称重清零,R4连拍重复,与frame_001377.txt几乎同框
frame_001379.txt,称重清零,R1静置误标(附近无人),person数=1
frame_001379.txt,称重清零,R4连拍重复,与frame_001378.txt几乎同框
frame_001380.txt,称重清零,R1静置误标(附近无人),person数=1
frame_001380.txt,称重清零,R4连拍重复,与frame_001379.txt几乎同框
frame_001381.txt,称重清零,R1静置误标(附近无人),person数=1
frame_001381.txt,称重清零,R4连拍重复,与frame_001380.txt几乎同框
frame_001382.txt,称重清零,R4连拍重复,与frame_001381.txt几乎同框
frame_001383.txt,称重清零,R4连拍重复,与frame_001382.txt几乎同框
frame_001384.txt,称重清零,R4连拍重复,与frame_001383.txt几乎同框
frame_001385.txt,称重清零,R4连拍重复,与frame_001384.txt几乎同框
frame_001393.txt,装杯,R1静置误标(附近无人),person数=1
frame_001394.txt,舀料,R1静置误标(附近无人),person数=1
frame_001395.txt,舀料,R1静置误标(附近无人),person数=1
frame_001396.txt,舀料,R1静置误标(附近无人),person数=1
frame_001397.txt,装杯,R1静置误标(附近无人),person数=1
frame_001398.txt,装杯,R1静置误标(附近无人),person数=1
frame_001399.txt,舀料,R1静置误标(附近无人),person数=1
frame_001400.txt,装杯,R1静置误标(附近无人),person数=1
frame_001401.txt,装杯,R1静置误标(附近无人),person数=1
frame_001402.txt,装杯,R1静置误标(附近无人),person数=0
frame_001403.txt,装杯,R1静置误标(附近无人),person数=1
frame_001404.txt,装杯,R1静置误标(附近无人),person数=1
frame_001405.txt,装杯,R1静置误标(附近无人),person数=1
frame_001406.txt,装杯,R1静置误标(附近无人),person数=1
frame_001407.txt,装杯,R1静置误标(附近无人),person数=1
frame_001454.txt,加钢脚水泥,R4连拍重复,与frame_001453.txt几乎同框
frame_001455.txt,加钢脚水泥,R4连拍重复,与frame_001454.txt几乎同框
frame_001456.txt,加钢脚水泥,R4连拍重复,与frame_001455.txt几乎同框
frame_001457.txt,加钢脚水泥,R4连拍重复,与frame_001456.txt几乎同框
frame_001458.txt,加钢脚水泥,R4连拍重复,与frame_001457.txt几乎同框
frame_001459.txt,加钢脚水泥,R4连拍重复,与frame_001458.txt几乎同框
frame_001460.txt,加钢脚水泥,R4连拍重复,与frame_001459.txt几乎同框
frame_001461.txt,加钢脚水泥,R4连拍重复,与frame_001460.txt几乎同框
frame_001462.txt,加钢脚水泥,R4连拍重复,与frame_001461.txt几乎同框
frame_001588.txt,称重清零,R1静置误标(附近无人),person数=0
frame_001589.txt,称重清零,R1静置误标(附近无人),person数=0
frame_001589.txt,称重清零,R4连拍重复,与frame_001588.txt几乎同框
frame_001590.txt,称重清零,R1静置误标(附近无人),person数=0
frame_001590.txt,称重清零,R4连拍重复,与frame_001589.txt几乎同框
frame_001591.txt,称重清零,R1静置误标(附近无人),person数=1
frame_001591.txt,称重清零,R4连拍重复,与frame_001590.txt几乎同框
frame_001592.txt,称重清零,R1静置误标(附近无人),person数=0
frame_001592.txt,称重清零,R4连拍重复,与frame_001591.txt几乎同框
frame_001593.txt,称重清零,R4连拍重复,与frame_001592.txt几乎同框
frame_001594.txt,称重清零,R1静置误标(附近无人),person数=0
frame_001594.txt,称重清零,R4连拍重复,与frame_001593.txt几乎同框
frame_001595.txt,称重清零,R1静置误标(附近无人),person数=0
frame_001595.txt,称重清零,R4连拍重复,与frame_001594.txt几乎同框
frame_001596.txt,称重清零,R4连拍重复,与frame_001595.txt几乎同框
frame_001597.txt,称重清零,R4连拍重复,与frame_001596.txt几乎同框
frame_001598.txt,称重清零,R4连拍重复,与frame_001597.txt几乎同框
frame_001599.txt,称重清零,R1静置误标(附近无人),person数=0
frame_001599.txt,称重清零,R4连拍重复,与frame_001598.txt几乎同框
frame_001600.txt,称重清零,R4连拍重复,与frame_001599.txt几乎同框
frame_001601.txt,称重清零,R4连拍重复,与frame_001600.txt几乎同框
frame_001602.txt,称重清零,R4连拍重复,与frame_001601.txt几乎同框
frame_001603.txt,称重清零,R1静置误标(附近无人),person数=0
frame_001603.txt,称重清零,R4连拍重复,与frame_001602.txt几乎同框
frame_001609.txt,舀料,R1静置误标(附近无人),person数=0
frame_001610.txt,装杯,R1静置误标(附近无人),person数=0
frame_001611.txt,装杯,R1静置误标(附近无人),person数=0
frame_001613.txt,舀料,R1静置误标(附近无人),person数=0
frame_001614.txt,舀料,R1静置误标(附近无人),person数=0
frame_001615.txt,装杯,R1静置误标(附近无人),person数=0
frame_001616.txt,舀料,R1静置误标(附近无人),person数=0
frame_001617.txt,舀料,R1静置误标(附近无人),person数=0
frame_001618.txt,舀料,R1静置误标(附近无人),person数=0
frame_001619.txt,装杯,R1静置误标(附近无人),person数=0
frame_001620.txt,装杯,R1静置误标(附近无人),person数=0
frame_001621.txt,舀料,R1静置误标(附近无人),person数=0
frame_001622.txt,舀料,R1静置误标(附近无人),person数=0
frame_001623.txt,装杯,R1静置误标(附近无人),person数=0
frame_001624.txt,装杯,R1静置误标(附近无人),person数=0
frame_001625.txt,装杯,R1静置误标(附近无人),person数=0
frame_001626.txt,装杯,R1静置误标(附近无人),person数=0
frame_001627.txt,装杯,R1静置误标(附近无人),person数=0
frame_001628.txt,装杯,R1静置误标(附近无人),person数=0
frame_001634.txt,舀料,R1静置误标(附近无人),person数=0
frame_001638.txt,舀料,R1静置误标(附近无人),person数=1
frame_001642.txt,装杯,R1静置误标(附近无人),person数=0
frame_001644.txt,装杯,R1静置误标(附近无人),person数=0
frame_001679.txt,加钢脚水泥,R4连拍重复,与frame_001678.txt几乎同框
frame_001680.txt,加钢脚水泥,R4连拍重复,与frame_001679.txt几乎同框
frame_001681.txt,加钢脚水泥,R4连拍重复,与frame_001680.txt几乎同框
frame_001682.txt,加钢脚水泥,R4连拍重复,与frame_001681.txt几乎同框
frame_001683.txt,加钢脚水泥,R4连拍重复,与frame_001682.txt几乎同框
frame_001684.txt,加钢脚水泥,R4连拍重复,与frame_001683.txt几乎同框
frame_001685.txt,加钢脚水泥,R4连拍重复,与frame_001684.txt几乎同框
frame_001686.txt,加钢脚水泥,R4连拍重复,与frame_001685.txt几乎同框
frame_001687.txt,加钢脚水泥,R4连拍重复,与frame_001686.txt几乎同框
frame_001688.txt,加钢脚水泥,R4连拍重复,与frame_001687.txt几乎同框
frame_001822.txt,称重清零,R1静置误标(附近无人),person数=0
frame_001823.txt,称重清零,R4连拍重复,与frame_001822.txt几乎同框
frame_001824.txt,称重清零,R4连拍重复,与frame_001823.txt几乎同框
frame_001825.txt,称重清零,R1静置误标(附近无人),person数=1
frame_001825.txt,称重清零,R4连拍重复,与frame_001824.txt几乎同框
frame_001826.txt,称重清零,R1静置误标(附近无人),person数=1
frame_001826.txt,称重清零,R4连拍重复,与frame_001825.txt几乎同框
frame_001827.txt,称重清零,R1静置误标(附近无人),person数=1
frame_001827.txt,称重清零,R4连拍重复,与frame_001826.txt几乎同框
frame_001828.txt,称重清零,R4连拍重复,与frame_001827.txt几乎同框
frame_001829.txt,称重清零,R4连拍重复,与frame_001828.txt几乎同框
frame_001830.txt,称重清零,R4连拍重复,与frame_001829.txt几乎同框
frame_001831.txt,称重清零,R4连拍重复,与frame_001830.txt几乎同框
frame_001832.txt,称重清零,R1静置误标(附近无人),person数=1
frame_001832.txt,称重清零,R4连拍重复,与frame_001831.txt几乎同框
frame_001833.txt,称重清零,R1静置误标(附近无人),person数=0
frame_001833.txt,称重清零,R4连拍重复,与frame_001832.txt几乎同框
frame_001834.txt,称重清零,R4连拍重复,与frame_001833.txt几乎同框
frame_001837.txt,舀料,R1静置误标(附近无人),person数=0
frame_001838.txt,舀料,R1静置误标(附近无人),person数=0
frame_001839.txt,舀料,R1静置误标(附近无人),person数=0
frame_001844.txt,装杯,R1静置误标(附近无人),person数=0
frame_001845.txt,舀料,R1静置误标(附近无人),person数=0
frame_001846.txt,舀料,R1静置误标(附近无人),person数=0
frame_001847.txt,装杯,R1静置误标(附近无人),person数=0
frame_001848.txt,舀料,R1静置误标(附近无人),person数=0
frame_001849.txt,舀料,R1静置误标(附近无人),person数=0
frame_001850.txt,装杯,R1静置误标(附近无人),person数=0
frame_001851.txt,装杯,R1静置误标(附近无人),person数=0
frame_001852.txt,装杯,R1静置误标(附近无人),person数=0
frame_001853.txt,装杯,R1静置误标(附近无人),person数=0
frame_001854.txt,装杯,R1静置误标(附近无人),person数=0
frame_001855.txt,装杯,R1静置误标(附近无人),person数=0
frame_001856.txt,装杯,R1静置误标(附近无人),person数=0
frame_001857.txt,装杯,R1静置误标(附近无人),person数=0
frame_001858.txt,装杯,R1静置误标(附近无人),person数=0
frame_001867.txt,舀料,R1静置误标(附近无人),person数=0
frame_001868.txt,舀料,R1静置误标(附近无人),person数=0
frame_001869.txt,舀料,R1静置误标(附近无人),person数=0
frame_001870.txt,装杯,R1静置误标(附近无人),person数=0
frame_001871.txt,装杯,R1静置误标(附近无人),person数=0
frame_001876.txt,舀料,R1静置误标(附近无人),person数=0
frame_001877.txt,舀料,R1静置误标(附近无人),person数=0
frame_001921.txt,加钢脚水泥,R4连拍重复,与frame_001920.txt几乎同框
frame_002155.txt,称重清零,R1静置误标(附近无人),person数=1
frame_002157.txt,称重清零,R1静置误标(附近无人),person数=1
frame_002157.txt,称重清零,R4连拍重复,与frame_002156.txt几乎同框
frame_002158.txt,称重清零,R1静置误标(附近无人),person数=1
frame_002158.txt,称重清零,R4连拍重复,与frame_002157.txt几乎同框
frame_002159.txt,称重清零,R1静置误标(附近无人),person数=1
frame_002159.txt,称重清零,R4连拍重复,与frame_002158.txt几乎同框
frame_002174.txt,装杯,R1静置误标(附近无人),person数=2
frame_002175.txt,装杯,R1静置误标(附近无人),person数=1
frame_002176.txt,舀料,R1静置误标(附近无人),person数=1
frame_002177.txt,舀料,R1静置误标(附近无人),person数=1
frame_002178.txt,舀料,R1静置误标(附近无人),person数=1
frame_002179.txt,装杯,R1静置误标(附近无人),person数=2
frame_002180.txt,装杯,R1静置误标(附近无人),person数=2
frame_002181.txt,舀料,R1静置误标(附近无人),person数=2
frame_002182.txt,舀料,R1静置误标(附近无人),person数=1
frame_002183.txt,装杯,R1静置误标(附近无人),person数=1
frame_002184.txt,装杯,R1静置误标(附近无人),person数=1
frame_002184.txt,装杯,R4连拍重复,与frame_002183.txt几乎同框
frame_002185.txt,装杯,R1静置误标(附近无人),person数=1
frame_002186.txt,装杯,R1静置误标(附近无人),person数=1
frame_002187.txt,装杯,R1静置误标(附近无人),person数=1
frame_002188.txt,装杯,R1静置误标(附近无人),person数=1
frame_002189.txt,装杯,R1静置误标(附近无人),person数=1
frame_002190.txt,装杯,R1静置误标(附近无人),person数=1
frame_002191.txt,装杯,R1静置误标(附近无人),person数=2
frame_002192.txt,装杯,R1静置误标(附近无人),person数=3
frame_002193.txt,装杯,R1静置误标(附近无人),person数=2
frame_002223.txt,加钢脚水泥,R4连拍重复,与frame_002222.txt几乎同框
frame_002224.txt,加钢脚水泥,R4连拍重复,与frame_002223.txt几乎同框
frame_002226.txt,加钢脚水泥,R4连拍重复,与frame_002225.txt几乎同框
frame_002227.txt,加钢脚水泥,R4连拍重复,与frame_002226.txt几乎同框
frame_002228.txt,加钢脚水泥,R4连拍重复,与frame_002227.txt几乎同框
frame_002229.txt,加钢脚水泥,R4连拍重复,与frame_002228.txt几乎同框
frame_002230.txt,加钢脚水泥,R4连拍重复,与frame_002229.txt几乎同框
frame_002231.txt,加钢脚水泥,R4连拍重复,与frame_002230.txt几乎同框
frame_002378.txt,称重清零,R1静置误标(附近无人),person数=1
frame_002378.txt,称重清零,R4连拍重复,与frame_002377.txt几乎同框
frame_002379.txt,称重清零,R4连拍重复,与frame_002378.txt几乎同框
frame_002380.txt,称重清零,R1静置误标(附近无人),person数=0
frame_002380.txt,称重清零,R4连拍重复,与frame_002379.txt几乎同框
frame_002381.txt,称重清零,R4连拍重复,与frame_002380.txt几乎同框
frame_002382.txt,称重清零,R4连拍重复,与frame_002381.txt几乎同框
frame_002383.txt,称重清零,R1静置误标(附近无人),person数=0
frame_002383.txt,称重清零,R4连拍重复,与frame_002382.txt几乎同框
frame_002384.txt,称重清零,R4连拍重复,与frame_002383.txt几乎同框
frame_002385.txt,称重清零,R4连拍重复,与frame_002384.txt几乎同框
frame_002386.txt,称重清零,R4连拍重复,与frame_002385.txt几乎同框
frame_002387.txt,称重清零,R4连拍重复,与frame_002386.txt几乎同框
frame_002388.txt,称重清零,R4连拍重复,与frame_002387.txt几乎同框
frame_002389.txt,称重清零,R4连拍重复,与frame_002388.txt几乎同框
frame_002390.txt,称重清零,R1静置误标(附近无人),person数=0
frame_002390.txt,称重清零,R4连拍重复,与frame_002389.txt几乎同框
frame_002391.txt,称重清零,R4连拍重复,与frame_002390.txt几乎同框
frame_002392.txt,称重清零,R1静置误标(附近无人),person数=0
frame_002392.txt,称重清零,R4连拍重复,与frame_002391.txt几乎同框
frame_002393.txt,称重清零,R1静置误标(附近无人),person数=0
frame_002393.txt,称重清零,R4连拍重复,与frame_002392.txt几乎同框
frame_002405.txt,舀料,R1静置误标(附近无人),person数=0
frame_002406.txt,舀料,R1静置误标(附近无人),person数=0
frame_002407.txt,舀料,R1静置误标(附近无人),person数=0
frame_002408.txt,装杯,R1静置误标(附近无人),person数=0
frame_002409.txt,装杯,R1静置误标(附近无人),person数=0
frame_002409.txt,装杯,R4连拍重复,与frame_002408.txt几乎同框
frame_002410.txt,舀料,R1静置误标(附近无人),person数=0
frame_002411.txt,舀料,R1静置误标(附近无人),person数=0
frame_002412.txt,舀料,R1静置误标(附近无人),person数=0
frame_002413.txt,装杯,R1静置误标(附近无人),person数=0
frame_002414.txt,装杯,R1静置误标(附近无人),person数=0
frame_002415.txt,舀料,R1静置误标(附近无人),person数=0
frame_002416.txt,舀料,R1静置误标(附近无人),person数=0
frame_002417.txt,装杯,R1静置误标(附近无人),person数=0
frame_002418.txt,装杯,R1静置误标(附近无人),person数=0
frame_002419.txt,装杯,R1静置误标(附近无人),person数=0
frame_002420.txt,舀料,R1静置误标(附近无人),person数=0
frame_002421.txt,舀料,R1静置误标(附近无人),person数=0
frame_002422.txt,装杯,R1静置误标(附近无人),person数=0
frame_002423.txt,装杯,R1静置误标(附近无人),person数=0
frame_002424.txt,装杯,R1静置误标(附近无人),person数=1
frame_002425.txt,装杯,R1静置误标(附近无人),person数=0
frame_002426.txt,装杯,R1静置误标(附近无人),person数=0
frame_002426.txt,装杯,R4连拍重复,与frame_002425.txt几乎同框
frame_002437.txt,舀料,R2框太小,w=0.034 h=0.184
frame_002438.txt,舀料,R1静置误标(附近无人),person数=0
frame_002468.txt,加钢脚水泥,R4连拍重复,与frame_002467.txt几乎同框
frame_002469.txt,加钢脚水泥,R4连拍重复,与frame_002468.txt几乎同框
frame_002470.txt,加钢脚水泥,R4连拍重复,与frame_002469.txt几乎同框
frame_002471.txt,加钢脚水泥,R4连拍重复,与frame_002470.txt几乎同框
frame_002472.txt,加钢脚水泥,R4连拍重复,与frame_002471.txt几乎同框
frame_002473.txt,加钢脚水泥,R4连拍重复,与frame_002472.txt几乎同框
frame_002474.txt,加钢脚水泥,R4连拍重复,与frame_002473.txt几乎同框
frame_002475.txt,加钢脚水泥,R4连拍重复,与frame_002474.txt几乎同框
frame_002476.txt,加钢脚水泥,R4连拍重复,与frame_002475.txt几乎同框
frame_002477.txt,加钢脚水泥,R4连拍重复,与frame_002476.txt几乎同框
frame_002478.txt,加钢脚水泥,R4连拍重复,与frame_002477.txt几乎同框
frame_002479.txt,加钢脚水泥,R4连拍重复,与frame_002478.txt几乎同框
frame_002610.txt,称重清零,R4连拍重复,与frame_002609.txt几乎同框
frame_002611.txt,称重清零,R1静置误标(附近无人),person数=0
frame_002611.txt,称重清零,R4连拍重复,与frame_002610.txt几乎同框
frame_002612.txt,称重清零,R1静置误标(附近无人),person数=0
frame_002612.txt,称重清零,R4连拍重复,与frame_002611.txt几乎同框
frame_002613.txt,称重清零,R1静置误标(附近无人),person数=0
frame_002613.txt,称重清零,R4连拍重复,与frame_002612.txt几乎同框
frame_002614.txt,称重清零,R1静置误标(附近无人),person数=0
frame_002614.txt,称重清零,R4连拍重复,与frame_002613.txt几乎同框
frame_002615.txt,称重清零,R1静置误标(附近无人),person数=0
frame_002615.txt,称重清零,R4连拍重复,与frame_002614.txt几乎同框
frame_002616.txt,称重清零,R1静置误标(附近无人),person数=0
frame_002616.txt,称重清零,R4连拍重复,与frame_002615.txt几乎同框
frame_002617.txt,称重清零,R1静置误标(附近无人),person数=0
frame_002617.txt,称重清零,R4连拍重复,与frame_002616.txt几乎同框
frame_002626.txt,舀料,R1静置误标(附近无人),person数=0
frame_002627.txt,舀料,R1静置误标(附近无人),person数=0
frame_002628.txt,舀料,R1静置误标(附近无人),person数=0
frame_002629.txt,舀料,R1静置误标(附近无人),person数=0
frame_002630.txt,舀料,R1静置误标(附近无人),person数=0
frame_002631.txt,装杯,R1静置误标(附近无人),person数=0
frame_002632.txt,装杯,R1静置误标(附近无人),person数=0
frame_002633.txt,舀料,R1静置误标(附近无人),person数=0
frame_002634.txt,舀料,R1静置误标(附近无人),person数=0
frame_002635.txt,装杯,R1静置误标(附近无人),person数=0
frame_002636.txt,装杯,R1静置误标(附近无人),person数=0
frame_002637.txt,装杯,R1静置误标(附近无人),person数=0
frame_002638.txt,舀料,R1静置误标(附近无人),person数=1
frame_002639.txt,舀料,R1静置误标(附近无人),person数=0
frame_002640.txt,装杯,R1静置误标(附近无人),person数=1
frame_002641.txt,装杯,R1静置误标(附近无人),person数=0
frame_002642.txt,舀料,R1静置误标(附近无人),person数=1
frame_002643.txt,舀料,R1静置误标(附近无人),person数=1
frame_002644.txt,装杯,R1静置误标(附近无人),person数=1
frame_002645.txt,装杯,R1静置误标(附近无人),person数=1
frame_002646.txt,装杯,R1静置误标(附近无人),person数=2
frame_002647.txt,装杯,R1静置误标(附近无人),person数=1
frame_002647.txt,装杯,R4连拍重复,与frame_002646.txt几乎同框
frame_002648.txt,装杯,R1静置误标(附近无人),person数=0
frame_002649.txt,舀料,R1静置误标(附近无人),person数=0
frame_002650.txt,舀料,R1静置误标(附近无人),person数=1
frame_002651.txt,舀料,R1静置误标(附近无人),person数=1
frame_002652.txt,装杯,R1静置误标(附近无人),person数=1
frame_002653.txt,装杯,R1静置误标(附近无人),person数=0
frame_002654.txt,装杯,R1静置误标(附近无人),person数=0
frame_002692.txt,加钢脚水泥,R4连拍重复,与frame_002691.txt几乎同框
frame_003075.txt,称重清零,R1静置误标(附近无人),person数=1
frame_003075.txt,称重清零,R4连拍重复,与frame_002617.txt几乎同框
frame_003076.txt,称重清零,R1静置误标(附近无人),person数=2
frame_003076.txt,称重清零,R4连拍重复,与frame_003075.txt几乎同框
frame_003077.txt,称重清零,R4连拍重复,与frame_003076.txt几乎同框
frame_003078.txt,称重清零,R1静置误标(附近无人),person数=1
frame_003078.txt,称重清零,R4连拍重复,与frame_003077.txt几乎同框
frame_003079.txt,称重清零,R1静置误标(附近无人),person数=1
frame_003079.txt,称重清零,R4连拍重复,与frame_003078.txt几乎同框
frame_003080.txt,称重清零,R4连拍重复,与frame_003079.txt几乎同框
frame_003081.txt,称重清零,R4连拍重复,与frame_003080.txt几乎同框
frame_003082.txt,称重清零,R4连拍重复,与frame_003081.txt几乎同框
frame_003083.txt,称重清零,R4连拍重复,与frame_003082.txt几乎同框
frame_003084.txt,称重清零,R4连拍重复,与frame_003083.txt几乎同框
frame_003085.txt,称重清零,R1静置误标(附近无人),person数=1
frame_003085.txt,称重清零,R4连拍重复,与frame_003084.txt几乎同框
frame_003086.txt,称重清零,R4连拍重复,与frame_003085.txt几乎同框
frame_003091.txt,舀料,R1静置误标(附近无人),person数=1
frame_003092.txt,舀料,R1静置误标(附近无人),person数=2
frame_003094.txt,装杯,R1静置误标(附近无人),person数=1
frame_003095.txt,装杯,R1静置误标(附近无人),person数=0
frame_003097.txt,舀料,R1静置误标(附近无人),person数=2
frame_003098.txt,舀料,R1静置误标(附近无人),person数=2
frame_003099.txt,舀料,R1静置误标(附近无人),person数=2
frame_003100.txt,舀料,R1静置误标(附近无人),person数=1
frame_003101.txt,舀料,R1静置误标(附近无人),person数=1
frame_003102.txt,装杯,R1静置误标(附近无人),person数=0
frame_003103.txt,装杯,R1静置误标(附近无人),person数=1
frame_003104.txt,装杯,R1静置误标(附近无人),person数=0
frame_003105.txt,舀料,R1静置误标(附近无人),person数=0
frame_003107.txt,舀料,R1静置误标(附近无人),person数=1
frame_003108.txt,装杯,R1静置误标(附近无人),person数=1
frame_003109.txt,装杯,R1静置误标(附近无人),person数=1
frame_003110.txt,装杯,R1静置误标(附近无人),person数=1
frame_003111.txt,装杯,R1静置误标(附近无人),person数=1
frame_003112.txt,装杯,R1静置误标(附近无人),person数=0
frame_003113.txt,装杯,R1静置误标(附近无人),person数=2
frame_003113.txt,装杯,R4连拍重复,与frame_003112.txt几乎同框
frame_003114.txt,装杯,R1静置误标(附近无人),person数=1
frame_003122.txt,舀料,R2框太小,w=0.033 h=0.166
frame_003124.txt,舀料,R2框太小,w=0.033 h=0.183
frame_003127.txt,装杯,R1静置误标(附近无人),person数=1
frame_003128.txt,装杯,R1静置误标(附近无人),person数=1
frame_003148.txt,加钢脚水泥,R4连拍重复,与frame_003147.txt几乎同框
frame_003150.txt,加钢脚水泥,R4连拍重复,与frame_003149.txt几乎同框
frame_003414.txt,称重清零,R4连拍重复,与frame_003413.txt几乎同框
frame_003415.txt,称重清零,R4连拍重复,与frame_003414.txt几乎同框
frame_003416.txt,称重清零,R4连拍重复,与frame_003415.txt几乎同框
frame_003417.txt,称重清零,R4连拍重复,与frame_003416.txt几乎同框
frame_003418.txt,称重清零,R1静置误标(附近无人),person数=1
frame_003418.txt,称重清零,R4连拍重复,与frame_003417.txt几乎同框
frame_003419.txt,称重清零,R1静置误标(附近无人),person数=2
frame_003419.txt,称重清零,R4连拍重复,与frame_003418.txt几乎同框
frame_003420.txt,称重清零,R1静置误标(附近无人),person数=1
frame_003420.txt,称重清零,R4连拍重复,与frame_003419.txt几乎同框
frame_003421.txt,称重清零,R4连拍重复,与frame_003420.txt几乎同框
frame_003422.txt,称重清零,R4连拍重复,与frame_003421.txt几乎同框
frame_003423.txt,称重清零,R4连拍重复,与frame_003422.txt几乎同框
frame_003429.txt,舀料,R1静置误标(附近无人),person数=1
frame_003430.txt,舀料,R1静置误标(附近无人),person数=1
frame_003431.txt,舀料,R1静置误标(附近无人),person数=1
frame_003433.txt,装杯,R1静置误标(附近无人),person数=1
frame_003434.txt,装杯,R1静置误标(附近无人),person数=1
frame_003435.txt,装杯,R1静置误标(附近无人),person数=0
frame_003437.txt,舀料,R1静置误标(附近无人),person数=0
frame_003438.txt,舀料,R1静置误标(附近无人),person数=1
frame_003439.txt,舀料,R1静置误标(附近无人),person数=0
frame_003440.txt,舀料,R1静置误标(附近无人),person数=1
frame_003441.txt,舀料,R1静置误标(附近无人),person数=1
frame_003442.txt,装杯,R1静置误标(附近无人),person数=1
frame_003443.txt,装杯,R1静置误标(附近无人),person数=2
frame_003444.txt,舀料,R1静置误标(附近无人),person数=2
frame_003444.txt,舀料,R2框太小,w=0.032 h=0.186
frame_003445.txt,舀料,R1静置误标(附近无人),person数=2
frame_003446.txt,舀料,R1静置误标(附近无人),person数=1
frame_003447.txt,舀料,R1静置误标(附近无人),person数=1
frame_003448.txt,舀料,R1静置误标(附近无人),person数=1
frame_003449.txt,装杯,R1静置误标(附近无人),person数=1
frame_003450.txt,装杯,R1静置误标(附近无人),person数=1
frame_003451.txt,舀料,R1静置误标(附近无人),person数=1
frame_003453.txt,舀料,R1静置误标(附近无人),person数=1
frame_003454.txt,舀料,R1静置误标(附近无人),person数=1
frame_003454.txt,舀料,R2框太小,w=0.033 h=0.178
frame_003455.txt,装杯,R1静置误标(附近无人),person数=1
frame_003456.txt,装杯,R1静置误标(附近无人),person数=1
frame_003457.txt,装杯,R1静置误标(附近无人),person数=1
frame_003458.txt,装杯,R1静置误标(附近无人),person数=0
frame_003459.txt,装杯,R1静置误标(附近无人),person数=0
frame_003506.txt,加钢脚水泥,R2框太小,w=0.034 h=0.106
frame_003667.txt,称重清零,R4连拍重复,与frame_003666.txt几乎同框
frame_003668.txt,称重清零,R1静置误标(附近无人),person数=1
frame_003668.txt,称重清零,R4连拍重复,与frame_003667.txt几乎同框
frame_003669.txt,称重清零,R1静置误标(附近无人),person数=0
frame_003669.txt,称重清零,R4连拍重复,与frame_003668.txt几乎同框
frame_003670.txt,称重清零,R4连拍重复,与frame_003669.txt几乎同框
frame_003671.txt,称重清零,R1静置误标(附近无人),person数=0
frame_003671.txt,称重清零,R4连拍重复,与frame_003670.txt几乎同框
frame_003672.txt,称重清零,R4连拍重复,与frame_003671.txt几乎同框
frame_003673.txt,称重清零,R4连拍重复,与frame_003672.txt几乎同框
frame_003679.txt,舀料,R1静置误标(附近无人),person数=2
frame_003680.txt,舀料,R1静置误标(附近无人),person数=0
frame_003684.txt,舀料,R2框太小,w=0.034 h=0.123
frame_003685.txt,舀料,R2框太小,w=0.032 h=0.141
frame_003686.txt,舀料,R1静置误标(附近无人),person数=1
frame_003687.txt,舀料,R1静置误标(附近无人),person数=1
frame_003688.txt,舀料,R1静置误标(附近无人),person数=1
frame_003689.txt,舀料,R1静置误标(附近无人),person数=1
frame_003690.txt,装杯,R1静置误标(附近无人),person数=1
frame_003691.txt,装杯,R1静置误标(附近无人),person数=1
frame_003692.txt,装杯,R1静置误标(附近无人),person数=1
frame_003693.txt,舀料,R1静置误标(附近无人),person数=1
frame_003693.txt,舀料,R2框太小,w=0.032 h=0.212
frame_003694.txt,舀料,R1静置误标(附近无人),person数=0
frame_003695.txt,舀料,R1静置误标(附近无人),person数=0
frame_003696.txt,舀料,R1静置误标(附近无人),person数=0
frame_003698.txt,舀料,R1静置误标(附近无人),person数=0
frame_003699.txt,舀料,R1静置误标(附近无人),person数=1
frame_003700.txt,装杯,R1静置误标(附近无人),person数=1
frame_003701.txt,装杯,R1静置误标(附近无人),person数=1
frame_003702.txt,装杯,R1静置误标(附近无人),person数=1
frame_003702.txt,装杯,R4连拍重复,与frame_003701.txt几乎同框
frame_003703.txt,装杯,R1静置误标(附近无人),person数=1
frame_003704.txt,舀料,R1静置误标(附近无人),person数=1
frame_003709.txt,装杯,R1静置误标(附近无人),person数=1
frame_003710.txt,装杯,R1静置误标(附近无人),person数=1
frame_003711.txt,装杯,R1静置误标(附近无人),person数=0
frame_003712.txt,装杯,R1静置误标(附近无人),person数=2
frame_003713.txt,舀料,R1静置误标(附近无人),person数=1
frame_003714.txt,舀料,R1静置误标(附近无人),person数=2
frame_003715.txt,舀料,R1静置误标(附近无人),person数=1
frame_003716.txt,舀料,R1静置误标(附近无人),person数=2
frame_003717.txt,舀料,R1静置误标(附近无人),person数=0
frame_003718.txt,装杯,R1静置误标(附近无人),person数=1
frame_003719.txt,装杯,R1静置误标(附近无人),person数=1
frame_003720.txt,装杯,R1静置误标(附近无人),person数=0
frame_003721.txt,装杯,R1静置误标(附近无人),person数=0
frame_003722.txt,装杯,R1静置误标(附近无人),person数=0
frame_003762.txt,加钢脚水泥,R2框太小,w=0.033 h=0.116
frame_004001.txt,称重清零,R1静置误标(附近无人),person数=0
frame_004001.txt,称重清零,R4连拍重复,与frame_003673.txt几乎同框
frame_004002.txt,称重清零,R1静置误标(附近无人),person数=0
frame_004002.txt,称重清零,R4连拍重复,与frame_004001.txt几乎同框
frame_004003.txt,称重清零,R1静置误标(附近无人),person数=0
frame_004003.txt,称重清零,R4连拍重复,与frame_004002.txt几乎同框
frame_004004.txt,称重清零,R1静置误标(附近无人),person数=0
frame_004004.txt,称重清零,R4连拍重复,与frame_004003.txt几乎同框
frame_004005.txt,称重清零,R1静置误标(附近无人),person数=0
frame_004005.txt,称重清零,R4连拍重复,与frame_004004.txt几乎同框
frame_004006.txt,称重清零,R1静置误标(附近无人),person数=0
frame_004006.txt,称重清零,R4连拍重复,与frame_004005.txt几乎同框
frame_004031.txt,舀料,R1静置误标(附近无人),person数=0
frame_004032.txt,舀料,R1静置误标(附近无人),person数=0
frame_004033.txt,舀料,R1静置误标(附近无人),person数=0
frame_004034.txt,装杯,R1静置误标(附近无人),person数=0
frame_004035.txt,装杯,R1静置误标(附近无人),person数=0
frame_004036.txt,装杯,R1静置误标(附近无人),person数=0
frame_004036.txt,装杯,R4连拍重复,与frame_004035.txt几乎同框
frame_004037.txt,舀料,R1静置误标(附近无人),person数=0
frame_004038.txt,舀料,R1静置误标(附近无人),person数=0
frame_004039.txt,舀料,R1静置误标(附近无人),person数=0
frame_004040.txt,舀料,R1静置误标(附近无人),person数=0
frame_004041.txt,装杯,R1静置误标(附近无人),person数=0
frame_004042.txt,装杯,R1静置误标(附近无人),person数=0
frame_004043.txt,装杯,R1静置误标(附近无人),person数=0
frame_004044.txt,舀料,R1静置误标(附近无人),person数=0
frame_004045.txt,舀料,R1静置误标(附近无人),person数=0
frame_004046.txt,舀料,R1静置误标(附近无人),person数=0
frame_004047.txt,舀料,R1静置误标(附近无人),person数=0
frame_004047.txt,舀料,R2框太小,w=0.032 h=0.193
frame_004048.txt,装杯,R1静置误标(附近无人),person数=0
frame_004049.txt,装杯,R1静置误标(附近无人),person数=0
frame_004050.txt,装杯,R1静置误标(附近无人),person数=0
frame_004051.txt,装杯,R1静置误标(附近无人),person数=0
frame_004052.txt,舀料,R1静置误标(附近无人),person数=0
frame_004053.txt,舀料,R1静置误标(附近无人),person数=0
frame_004054.txt,舀料,R1静置误标(附近无人),person数=0
frame_004055.txt,舀料,R1静置误标(附近无人),person数=0
frame_004055.txt,舀料,R2框太小,w=0.035 h=0.169
frame_004056.txt,装杯,R1静置误标(附近无人),person数=0
frame_004057.txt,装杯,R1静置误标(附近无人),person数=0
frame_004058.txt,装杯,R1静置误标(附近无人),person数=0
frame_004058.txt,装杯,R4连拍重复,与frame_004057.txt几乎同框
frame_004091.txt,加钢脚水泥,R2框太小,w=0.034 h=0.129
frame_004216.txt,舀料,R1静置误标(附近无人),person数=1
frame_004217.txt,舀料,R1静置误标(附近无人),person数=1
frame_004217.txt,舀料,R2框太小,w=0.031 h=0.195
frame_004218.txt,舀料,R1静置误标(附近无人),person数=1
frame_004218.txt,舀料,R2框太小,w=0.030 h=0.194
frame_004219.txt,舀料,R2框太小,w=0.030 h=0.202
frame_004220.txt,舀料,R2框太小,w=0.035 h=0.207
frame_004221.txt,舀料,R1静置误标(附近无人),person数=1
frame_004221.txt,舀料,R2框太小,w=0.023 h=0.192
frame_004222.txt,舀料,R1静置误标(附近无人),person数=1
frame_004224.txt,装杯,R1静置误标(附近无人),person数=0
frame_004225.txt,装杯,R1静置误标(附近无人),person数=0
